delete from book2tag;
delete from books;
delete from book_file_types;
delete from authors;
delete from tags;


insert into authors(id, fio) values (0, 'Автор неизвестен');
insert into authors(id,fio) values (1, 'Артур Конан Дойль');
insert into authors(id,fio) values (2, 'О. Генри');
insert into authors(id,fio) values (3, 'Жюль Верн');
insert into authors(id,fio) values (4, 'Дж.Р.Р. Толкиен');
insert into authors(id,fio) values (5, 'Борис Заходер');
insert into authors(id,fio) values (6, 'Станислав Лем');
insert into authors(id,fio) values (7, 'Жорж Симеон');
insert into authors(id,fio) values (8, 'Алистер Маклин');
insert into authors(id,fio) values (9, 'Андрэ Нортон');
insert into authors(id,fio) values (10, 'Вальтер Скотт');
insert into authors(id,fio) values (11, 'Фенимор Купер');
insert into authors(id,fio) values (12, 'Туве Яннсен');
insert into authors(id,fio) values (13, 'Майн Рид');
insert into authors(id,fio) values (14, 'Роберт Льюис Стивенсон');

insert into tags(id, tag_name) values(1, 'авторы ru');
insert into tags(id, tag_name) values(2, 'авторы uk');
insert into tags(id, tag_name) values(3, 'авторы eng');
insert into tags(id, tag_name) values(4, 'французские авторы fr');
insert into tags(id, tag_name) values(5, 'детективы');
insert into tags(id, tag_name) values(6, 'роман');
insert into tags(id, tag_name) values(7, 'исторический');
insert into tags(id, tag_name) values(8, 'детские');
insert into tags(id, tag_name) values(9, 'приключения');
insert into tags(id, tag_name) values(10, 'фантастика');
insert into tags(id, tag_name) values(11, 'фэнтези');
insert into tags(id, tag_name) values(12, 'юмор');
insert into tags(id, tag_name) values(13, 'философия');

insert into books (id, title, id_author, pub_date, bestseller, price, discount, slug, image, description)
values (1, 'Приключения Шерлока Холмса', 1, '2005-08-29', true, 404.21, 32, '','/assets/img/content/main/SH.png','');
insert into books (id, title, id_author, pub_date, bestseller, price, discount, slug, image, description)
values (2,'Записки о Шерлоке Холмсе', 1, '2002-03-13', true, 182.0, 0, '','/assets/img/content/main/card.jpg','');
insert into books (id, title, id_author, pub_date, bestseller, price, discount, slug, image, description)
values (3,'Этюд в багровых тонах', 1, '2001-10-27', false, 285.75, 22, '','/assets/img/content/main/card.jpg','');
insert into books (id, title, id_author, pub_date, bestseller, price, discount, slug, image, description)
values (4,'Собака Баскервилей', 1, '2010-02-26', true, 662.09, 11, '','/assets/img/content/main/card.jpg','');
insert into books (id, title, id_author, pub_date, bestseller, price, discount, slug, image, description) values (5,'Проштемпелевано звездами', 9, '2018-07-28', false, 619.27, 0, '','/assets/img/content/main/card.jpg','');
insert into books (id, title, id_author, pub_date, bestseller, price, discount, slug, image, description) values (6,'Айвенго', 10, '2017-03-23', false, 441.02, 30, '','/assets/img/content/main/card.jpg','');
insert into books (id, title, id_author, pub_date, bestseller, price, discount, slug, image, description) values (7,'Последний из могикан', 11, '2017-05-09', true, 178.28, 45, '','/assets/img/content/main/card.jpg','');
insert into books (id, title, id_author, pub_date, bestseller, price, discount, slug, image, description) values (8,'Зверобой', 11, '2009-07-02', true, 289.83, 45, '','/assets/img/content/main/card.jpg','');
insert into books (id, title, id_author, pub_date, bestseller, price, discount, slug, image, description) values (9,'Мумми Тролль и комета', 12, '2010-07-10', true, 141.25, 0, '','/assets/img/content/main/card.jpg','');
insert into books (id, title, id_author, pub_date, bestseller, price, discount, slug, image, description) values (10,'Всадник без головы', 13, '2007-05-05', false, 495.48, 0, '','/assets/img/content/main/Headless horseman.jpg','');
insert into books (id, title, id_author, pub_date, bestseller, price, discount, slug, image, description) values (11,'Затерянные в океане', 13, '2017-06-27', true, 208.49, 10, '','/assets/img/content/main/card.jpg','');
insert into books (id, title, id_author, pub_date, bestseller, price, discount, slug, image, description) values (12,'Белый вождь', 13, '2001-05-08', true, 572.52, 37, '','/assets/img/content/main/card.jpg','');
insert into books (id, title, id_author, pub_date, bestseller, price, discount, slug, image, description) values (13,'Короли и капуста', 2, '2010-02-26', true, 662.09, 10, '','/assets/img/content/main/card.jpg','');
insert into books (id, title, id_author, pub_date, bestseller, price, discount, slug, image, description) values (14,'Благородный Жулик', 2, '2007-05-26', true, 501.99, 33, '','/assets/img/content/main/card.jpg','');
insert into books (id, title, id_author, pub_date, bestseller, price, discount, slug, image, description) values (15,'Горящий светильник', 2, '2000-07-25', true, 223.47, 34, '','/assets/img/content/main/card.jpg','');
insert into books (id, title, id_author, pub_date, bestseller, price, discount, slug, image, description) values (16,'Дороги судьбы', 2, '2018-08-18', true, 254.09, 34, '','/assets/img/content/main/card.jpg','');
insert into books (id, title, id_author, pub_date, bestseller, price, discount, slug, image, description) values (17,'Деловые люди', 2, '2011-09-13', true, 258.37, 30, '','/assets/img/content/main/card.jpg','');
insert into books (id, title, id_author, pub_date, bestseller, price, discount, slug, image, description) values (18,'Дети капитана Гранта', 3, '2016-07-17', true, 495.55, 13, '','/assets/img/content/main/card.jpg','');
insert into books (id, title, id_author, pub_date, bestseller, price, discount, slug, image, description) values (19,'20 тысяч лье под водой', 3, '2005-06-12', false, 439.95, 13, '','/assets/img/content/main/card.jpg','');
insert into books (id, title, id_author, pub_date, bestseller, price, discount, slug, image, description) values (20,'Таинственный остров', 3, '2021-06-13', true, 683.14, 13, '','/assets/img/content/main/secretIsland.png','');
insert into books (id, title, id_author, pub_date, bestseller, price, discount, slug, image, description) values (21,'Хоббит или туда и обратно', 4, '2009-04-16', false, 459.37, 21, '','/assets/img/content/main/card.jpg','');
insert into books (id, title, id_author, pub_date, bestseller, price, discount, slug, image, description) values (22,'Братство кольца', 4, '2014-12-14', false, 494.25, 13, '','/assets/img/content/main/card.jpg','');
insert into books (id, title, id_author, pub_date, bestseller, price, discount, slug, image, description) values (23,'Две твердыни', 4, '2018-09-01', true, 535.68, 18, '','/assets/img/content/main/card.jpg','');
insert into books (id, title, id_author, pub_date, bestseller, price, discount, slug, image, description) values (24,'Возвращение короля', 4, '2014-06-17', false, 634.61, 20, '','/assets/img/content/main/card.jpg','');
insert into books (id, title, id_author, pub_date, bestseller, price, discount, slug, image, description) values (25,'А.Милн. Винни Пух и Все-Все-Все', 5, '2014-06-17', false, 634.61, 20, '','/assets/img/content/main/card.jpg','');
insert into books (id, title, id_author, pub_date, bestseller, price, discount, slug, image, description) values (26,'Л.Кэррол. Алиса в стране чудес', 5, '2002-03-02', false, 125.49, 29, '','/assets/img/content/main/card.jpg','');
insert into books (id, title, id_author, pub_date, bestseller, price, discount, slug, image, description) values (27,'Рассказы о пилоте Пирксе', 6, '2017-02-28', true, 398.2, 42, '','/assets/img/content/main/card.jpg','');
insert into books (id, title, id_author, pub_date, bestseller, price, discount, slug, image, description) values (28,'Звездные дневники Йона Тихого', 6, '2018-07-03', false, 520.99, 14, '','/assets/img/content/main/card.jpg','');
insert into books (id, title, id_author, pub_date, bestseller, price, discount, slug, image, description) values (29,'Солярис', 6, '2015-09-09', false, 595.25, 30, '','/assets/img/content/main/card.jpg','');
insert into books (id, title, id_author, pub_date, bestseller, price, discount, slug, image, description) values (30,'Маньяк из Бержерака', 7, '2009-01-23', false, 560.58, 35, '','/assets/img/content/main/card.jpg','');
insert into books (id, title, id_author, pub_date, bestseller, price, discount, slug, image, description) values (31,'Тайна перекрестка «Трех вдов»', 7, '2008-07-20', true, 191.68, 31, '','/assets/img/content/main/card.jpg','');
insert into books (id, title, id_author, pub_date, bestseller, price, discount, slug, image, description) values (32,'Висельник из Сен-Фольена', 7, '2020-11-15', false, 263.19, 31, '','/assets/img/content/main/card.jpg','');
insert into books (id, title, id_author, pub_date, bestseller, price, discount, slug, image, description) values (33,'Золотое рандеву', 8, '2012-09-11', false, 546.64, 17, '','/assets/img/content/main/card.jpg','');
insert into books (id, title, id_author, pub_date, bestseller, price, discount, slug, image, description) values (34,'Полярная станция зебра', 8, '2006-06-18', false, 128.91, 45, '','/assets/img/content/main/card.jpg','');
insert into books (id, title, id_author, pub_date, bestseller, price, discount, slug, image, description) values (35,'Пушки острова Наваррон', 8, '2014-01-30', false, 206.44, 18, '','/assets/img/content/main/card.jpg','');
insert into books (id, title, id_author, pub_date, bestseller, price, discount, slug, image, description) values (36,'10 баллов с острова Наваррон', 8, '2000-05-18', true, 251.36, 21, '','/assets/img/content/main/card.jpg','');
insert into books (id, title, id_author, pub_date, bestseller, price, discount, slug, image, description) values (37,'Саргассы в космосе', 9, '2000-06-03', true, 331.83, 15, '','/assets/img/content/main/card.jpg','');
insert into books (id, title, id_author, pub_date, bestseller, price, discount, slug, image, description) values (38,'Зачумленный корабль', 9, '2006-04-23', false, 563.72, 0, '','/assets/img/content/main/card.jpg','');
insert into books (id, title, id_author, pub_date, bestseller, price, discount, slug, image, description) values (39,'Остров сокровищ', 14, '2002-08-26', true, 343.6, 46, '','/assets/img/content/main/TreasureIsland.png','');
insert into books (id, title, id_author, pub_date, bestseller, price, discount, slug, image, description) values (40,'Странная история доктора Джекила и мистера Хайда', 14, '2016-04-01', true, 600.31, 3, '','/assets/img/content/main/card.jpg','');
insert into authors(id,fio) values (15, 'Рафаэль Сабатини');
insert into books (id, title, id_author, pub_date, bestseller, price, discount, slug, image, description) values (41,'Одиссея капитана Блада', 15, '2021-04-01', true, 343.6, 46, '','/assets/img/content/main/cptBlood.png','');
insert into books (id, title, id_author, pub_date, bestseller, price, discount, slug, image, description) values (42,'Хроника капитана Блада', 15, '2021-06-01', true, 343.6, 46, '','/assets/img/content/main/cptBlood.png','');
insert into books (id, title, id_author, pub_date, bestseller, price, discount, slug, image, description) values (43,'Удачи капитана Блада', 15, '2021-04-01', true, 600.31, 3, '','/assets/img/content/main/card.jpg','');
insert into authors(id,fio) values (16, 'Джордж Мартин');
insert into books (id, title, id_author, pub_date, bestseller, price, discount, slug, image, description) values (44,'Игра престолов', 16, '2020-11-03', true, 583.98, 7, '','/assets/img/content/main/card.jpg','');
insert into books (id, title, id_author, pub_date, bestseller, price, discount, slug, image, description) values (45,'Битва королей', 16, '2020-08-15', false, 481.6, 29, '','/assets/img/content/main/card.jpg','');
insert into books (id, title, id_author, pub_date, bestseller, price, discount, slug, image, description) values (46,'Буря мечей', 16, '2021-06-06', true, 114.84, 7, '','/assets/img/content/main/swordStorm.png','');
insert into books (id, title, id_author, pub_date, bestseller, price, discount, slug, image, description) values (47,'Пир стервятников', 16, '2020-06-26', true, 581.16, 31, '','/assets/img/content/main/card.jpg','');
insert into books (id, title, id_author, pub_date, bestseller, price, discount, slug, image, description) values (48,'Танец с драконами', 16, '2021-04-06', true, 481.65, 45, '','/assets/img/content/main/card.jpg','');
insert into authors(id,fio) values (17, 'Энн Маккефри');
insert into books (id, title, id_author, pub_date, bestseller, price, discount, slug, image, description) values (50,'Полёт дракона', 17, '2006-07-25', true, 576.77, 14, '','/assets/img/content/main/card.jpg','');
insert into books (id, title, id_author, pub_date, bestseller, price, discount, slug, image, description) values (51,'Странствия дракона', 17, '2009-01-17', true, 204.13, 14, '','/assets/img/content/main/card.jpg','');
insert into books (id, title, id_author, pub_date, bestseller, price, discount, slug, image, description) values (52,'Белый дракон', 17, '2009-04-07', false, 186.85, 13, '','/assets/img/content/main/card.jpg','');
insert into books (id, title, id_author, pub_date, bestseller, price, discount, slug, image, description) values (53,'Морита — повелительница драконов', 17, '2014-11-26', true, 460.65, 50, '','/assets/img/content/main/card.jpg','');
insert into books (id, title, id_author, pub_date, bestseller, price, discount, slug, image, description) values (54,'История Нерилки', 17, '2001-03-28', false, 370.9, 32, '','/assets/img/content/main/card.jpg','');
insert into books (id, title, id_author, pub_date, bestseller, price, discount, slug, image, description) values (55,'Песни Перна', 17, '2017-09-12', true, 605.75, 8, '','/assets/img/content/main/card.jpg','');
insert into books (id, title, id_author, pub_date, bestseller, price, discount, slug, image, description) values (56,'Певица Перна', 17, '2010-06-04', true, 244.5, 50, '','/assets/img/content/main/card.jpg','');
insert into books (id, title, id_author, pub_date, bestseller, price, discount, slug, image, description) values (57,'Барабаны Перна', 17, '2010-05-21', true, 576.77, 14, '','/assets/img/content/main/card.jpg','');

insert into authors(id,fio) values (19, 'Марк Твен');
insert into books (id, title, id_author, pub_date, bestseller, price, discount, slug, image, description) values (61,'Приключения Тома Сойера', 19,'19.03.2021', true, 995.26, 41,'','/assets/img/content/main/card.jpg','');
insert into books (id, title, id_author, pub_date, bestseller, price, discount, slug, image, description) values (62,'Приключения Геккльбери Финна', 19,'11.11.2021', true, 447.76, 25,'','/assets/img/content/main/card.jpg','');
insert into books (id, title, id_author, pub_date, bestseller, price, discount, slug, image, description) values (63,'Том Сойер на воздушном шаре', 19,'17.12.2021', true, 744.07, 38,'','/assets/img/content/main/card.jpg','');
insert into books (id, title, id_author, pub_date, bestseller, price, discount, slug, image, description) values (64,'Том Сойер сыщик', 19,'15.02.2021', true, 675.79, 9,'','/assets/img/content/main/card.jpg','');
insert into books (id, title, id_author, pub_date, bestseller, price, discount, slug, image, description) values (65,'Приключения янки при дворе короля Артура', 19,'19.02.2021', true, 517.68, 19,'','/assets/img/content/main/card.jpg','');

insert into authors(id,fio) values (18, 'Александр Беляев');
insert into books (id, title, id_author, pub_date, bestseller, price, discount, slug, image, description) values (58,'Человек амфибия', 18,'23.12.2021', true, 698.84, 46,'','/assets/img/content/main/card.jpg','');
insert into books (id, title, id_author, pub_date, bestseller, price, discount, slug, image, description) values (59,'Голова профессора Доуэля', 18,'13.06.2021', true, 298.81, 5,'','/assets/img/content/main/card.jpg','');
insert into books (id, title, id_author, pub_date, bestseller, price, discount, slug, image, description) values (60,'Продавец воздуха', 18,'03.05.2021', true, 930.07, 2,'','/assets/img/content/main/card.jpg','');

insert into book2tag(id_book, id_tag) values(58, 1);
insert into book2tag(id_book, id_tag) values(59, 1);
insert into book2tag(id_book, id_tag) values(60, 1);
insert into book2tag(id_book, id_tag) values(25, 1);
insert into book2tag(id_book, id_tag) values(26, 1);
insert into book2tag(id_book, id_tag) values(1, 2);
insert into book2tag(id_book, id_tag) values(2, 2);
insert into book2tag(id_book, id_tag) values(3, 2);
insert into book2tag(id_book, id_tag) values(4, 2);
insert into book2tag(id_book, id_tag) values(6, 2);
insert into book2tag(id_book, id_tag) values(21, 2);
insert into book2tag(id_book, id_tag) values(22, 2);
insert into book2tag(id_book, id_tag) values(23, 2);
insert into book2tag(id_book, id_tag) values(24, 2);
insert into book2tag(id_book, id_tag) values(25, 2);
insert into book2tag(id_book, id_tag) values(26, 2);
insert into book2tag(id_book, id_tag) values(33, 2);
insert into book2tag(id_book, id_tag) values(34, 2);
insert into book2tag(id_book, id_tag) values(35, 2);
insert into book2tag(id_book, id_tag) values(36, 2);
insert into book2tag(id_book, id_tag) values(39, 2);
insert into book2tag(id_book, id_tag) values(40, 2);
insert into book2tag(id_book, id_tag) values(41, 2);
insert into book2tag(id_book, id_tag) values(42, 2);
insert into book2tag(id_book, id_tag) values(43, 2);
insert into book2tag(id_book, id_tag) values(5, 3);
insert into book2tag(id_book, id_tag) values(7, 3);
insert into book2tag(id_book, id_tag) values(8, 3);
insert into book2tag(id_book, id_tag) values(10, 3);
insert into book2tag(id_book, id_tag) values(11, 3);
insert into book2tag(id_book, id_tag) values(12, 3);
insert into book2tag(id_book, id_tag) values(13, 3);
insert into book2tag(id_book, id_tag) values(14, 3);
insert into book2tag(id_book, id_tag) values(15, 3);
insert into book2tag(id_book, id_tag) values(16, 3);
insert into book2tag(id_book, id_tag) values(17, 3);
insert into book2tag(id_book, id_tag) values(37, 3);
insert into book2tag(id_book, id_tag) values(38, 3);
insert into book2tag(id_book, id_tag) values(44, 3);
insert into book2tag(id_book, id_tag) values(45, 3);
insert into book2tag(id_book, id_tag) values(46, 3);
insert into book2tag(id_book, id_tag) values(47, 3);
insert into book2tag(id_book, id_tag) values(48, 3);
insert into book2tag(id_book, id_tag) values(50, 3);
insert into book2tag(id_book, id_tag) values(51, 3);
insert into book2tag(id_book, id_tag) values(52, 3);
insert into book2tag(id_book, id_tag) values(53, 3);
insert into book2tag(id_book, id_tag) values(54, 3);
insert into book2tag(id_book, id_tag) values(55, 3);
insert into book2tag(id_book, id_tag) values(56, 3);
insert into book2tag(id_book, id_tag) values(57, 3);
insert into book2tag(id_book, id_tag) values(61, 3);
insert into book2tag(id_book, id_tag) values(62, 3);
insert into book2tag(id_book, id_tag) values(63, 3);
insert into book2tag(id_book, id_tag) values(64, 3);
insert into book2tag(id_book, id_tag) values(65, 3);
insert into book2tag(id_book, id_tag) values(18, 4);
insert into book2tag(id_book, id_tag) values(19, 4);
insert into book2tag(id_book, id_tag) values(20, 4);
insert into book2tag(id_book, id_tag) values(30, 4);
insert into book2tag(id_book, id_tag) values(31, 4);
insert into book2tag(id_book, id_tag) values(32, 4);
insert into book2tag(id_book, id_tag) values(1, 5);
insert into book2tag(id_book, id_tag) values(2, 5);
insert into book2tag(id_book, id_tag) values(3, 5);
insert into book2tag(id_book, id_tag) values(4, 5);
insert into book2tag(id_book, id_tag) values(5, 10);
insert into book2tag(id_book, id_tag) values(6, 6);			insert into book2tag(id_book, id_tag) values(6, 7);
insert into book2tag(id_book, id_tag) values(7, 6);			insert into book2tag(id_book, id_tag) values(7, 7);
insert into book2tag(id_book, id_tag) values(8, 6);			insert into book2tag(id_book, id_tag) values(8, 7);
insert into book2tag(id_book, id_tag) values(9, 8);
insert into book2tag(id_book, id_tag) values(10, 9);
insert into book2tag(id_book, id_tag) values(11, 9);
insert into book2tag(id_book, id_tag) values(12, 9);
insert into book2tag(id_book, id_tag) values(13, 12);
insert into book2tag(id_book, id_tag) values(14, 12);
insert into book2tag(id_book, id_tag) values(15, 12);
insert into book2tag(id_book, id_tag) values(16, 12);
insert into book2tag(id_book, id_tag) values(17, 9);
insert into book2tag(id_book, id_tag) values(18, 9);
insert into book2tag(id_book, id_tag) values(19, 10);				insert into book2tag(id_book, id_tag) values(19, 9);
insert into book2tag(id_book, id_tag) values(20, 9);
insert into book2tag(id_book, id_tag) values(21, 11);	insert into book2tag(id_book, id_tag) values(21, 7);
insert into book2tag(id_book, id_tag) values(22, 11);
insert into book2tag(id_book, id_tag) values(23, 11);
insert into book2tag(id_book, id_tag) values(24, 11);
insert into book2tag(id_book, id_tag) values(25, 8);
insert into book2tag(id_book, id_tag) values(26, 8);
insert into book2tag(id_book, id_tag) values(27, 10);				insert into book2tag(id_book, id_tag) values(27, 9);
insert into book2tag(id_book, id_tag) values(28, 10);				insert into book2tag(id_book, id_tag) values(28, 9);
insert into book2tag(id_book, id_tag) values(29, 6);	insert into book2tag(id_book, id_tag) values(29, 10);						insert into book2tag(id_book, id_tag) values(29, 13);
insert into book2tag(id_book, id_tag) values(30, 5);
insert into book2tag(id_book, id_tag) values(31, 5);
insert into book2tag(id_book, id_tag) values(32, 5);
insert into book2tag(id_book, id_tag) values(33, 5);						insert into book2tag(id_book, id_tag) values(33, 9);
insert into book2tag(id_book, id_tag) values(34, 5);						insert into book2tag(id_book, id_tag) values(34, 9);
insert into book2tag(id_book, id_tag) values(35, 7);		insert into book2tag(id_book, id_tag) values(35, 9);
insert into book2tag(id_book, id_tag) values(36, 7);		insert into book2tag(id_book, id_tag) values(36, 9);
insert into book2tag(id_book, id_tag) values(37, 10);
insert into book2tag(id_book, id_tag) values(38, 10);
insert into book2tag(id_book, id_tag) values(39, 6);			insert into book2tag(id_book, id_tag) values(39, 7);		insert into book2tag(id_book, id_tag) values(39, 9);
insert into book2tag(id_book, id_tag) values(40, 7);		insert into book2tag(id_book, id_tag) values(40, 9);
insert into book2tag(id_book, id_tag) values(41, 7);		insert into book2tag(id_book, id_tag) values(41, 9);
insert into book2tag(id_book, id_tag) values(42, 7);		insert into book2tag(id_book, id_tag) values(42, 9);
insert into book2tag(id_book, id_tag) values(43, 7);		insert into book2tag(id_book, id_tag) values(43, 9);
insert into book2tag(id_book, id_tag) values(44, 6);		insert into book2tag(id_book, id_tag) values(44, 11);
insert into book2tag(id_book, id_tag) values(45, 6);		insert into book2tag(id_book, id_tag) values(45, 11);
insert into book2tag(id_book, id_tag) values(46, 6);		insert into book2tag(id_book, id_tag) values(46, 11);
insert into book2tag(id_book, id_tag) values(47, 6);		insert into book2tag(id_book, id_tag) values(47, 11);
insert into book2tag(id_book, id_tag) values(48, 6);		insert into book2tag(id_book, id_tag) values(48, 11);
insert into book2tag(id_book, id_tag) values(50, 10);	insert into book2tag(id_book, id_tag) values(50, 11);
insert into book2tag(id_book, id_tag) values(51, 10);	insert into book2tag(id_book, id_tag) values(51, 11);
insert into book2tag(id_book, id_tag) values(52, 10);	insert into book2tag(id_book, id_tag) values(52, 11);
insert into book2tag(id_book, id_tag) values(53, 10);	insert into book2tag(id_book, id_tag) values(53, 11);
insert into book2tag(id_book, id_tag) values(54, 10);	insert into book2tag(id_book, id_tag) values(54, 11);
insert into book2tag(id_book, id_tag) values(55, 10);	insert into book2tag(id_book, id_tag) values(55, 11);
insert into book2tag(id_book, id_tag) values(56, 10);	insert into book2tag(id_book, id_tag) values(56, 11);
insert into book2tag(id_book, id_tag) values(57, 10);	insert into book2tag(id_book, id_tag) values(57, 11);
insert into book2tag(id_book, id_tag) values(61, 8);	insert into book2tag(id_book, id_tag) values(61, 9);	insert into book2tag(id_book, id_tag) values(61, 12);
insert into book2tag(id_book, id_tag) values(62, 8);	insert into book2tag(id_book, id_tag) values(62, 9);	insert into book2tag(id_book, id_tag) values(62, 12);
insert into book2tag(id_book, id_tag) values(63, 8);	insert into book2tag(id_book, id_tag) values(63, 9);	insert into book2tag(id_book, id_tag) values(63, 12);
insert into book2tag(id_book, id_tag) values(64, 8);	insert into book2tag(id_book, id_tag) values(64, 9);	insert into book2tag(id_book, id_tag) values(64, 12);
insert into book2tag(id_book, id_tag) values(65, 6);			insert into book2tag(id_book, id_tag) values(65, 7);			insert into book2tag(id_book, id_tag) values(65, 12);
insert into book2tag(id_book, id_tag) values(58, 10);
insert into book2tag(id_book, id_tag) values(59, 10);
insert into book2tag(id_book, id_tag) values(60, 10);



insert into book_file_types(name, description) values('FB2','Межплатформенный  формат электронных документов с использованием ряда возможностей языка PostScript.');
insert into book_file_types(name, description) values('PDF','Формат электронных версий книг, обеспечивает совместимость с любыми устройствами и форматами.');
insert into book_file_types(name, description) values('EPUB','Формат электронных версий книг, позволяет воспроизведить цифровые книги и другие публикации с плавающей вёрсткой.');




-- Сайт для генерации случайных данных https://www.mockaroo.com/

--,'31.01.2021', false, 288.14, 29,'','/assets/img/content/main/card.jpg','');
--,'15.09.2021', false, 948.45, 19,'','/assets/img/content/main/card.jpg','');
--,'09.01.2021', true, 657.0, 22,'','/assets/img/content/main/card.jpg','');
--,'14.12.2021', true, 203.08, 1,'','/assets/img/content/main/card.jpg','');
--,'02.05.2021', true, 549.75, 23,'','/assets/img/content/main/card.jpg','');
--,'07.02.2021', true, 468.37, 22,'','/assets/img/content/main/card.jpg','');
--,'28.09.2021', false, 793.93, 46,'','/assets/img/content/main/card.jpg','');
--,'30.05.2021', false, 242.73, 30,'','/assets/img/content/main/card.jpg','');
--,'25.06.2021', false, 516.63, 18,'','/assets/img/content/main/card.jpg','');
--,'21.07.2021', true, 920.75, 11,'','/assets/img/content/main/card.jpg','');
--,'02.05.2021', false, 971.26, 50,'','/assets/img/content/main/card.jpg','');
--,'29.03.2021', true, 583.34, 20,'','/assets/img/content/main/card.jpg','');
--,'14.08.2021', true, 461.19, 31,'','/assets/img/content/main/card.jpg','');
--,'28.12.2021', true, 862.76, 19,'','/assets/img/content/main/card.jpg','');
--,'29.12.2021', true, 920.47, 2,'','/assets/img/content/main/card.jpg','');
--,'13.08.2021', true, 232.58, 23,'','/assets/img/content/main/card.jpg','');
--,'01.02.2021', false, 706.67, 34,'','/assets/img/content/main/card.jpg','');
--,'07.10.2021', true, 403.67, 50,'','/assets/img/content/main/card.jpg','');
--,'17.02.2021', true, 756.72, 4,'','/assets/img/content/main/card.jpg','');
--,'13.09.2021', true, 644.8, 6,'','/assets/img/content/main/card.jpg','');
--,'01.01.2021', false, 674.2, 45,'','/assets/img/content/main/card.jpg','');
--,'11.04.2021', true, 573.88, 24,'','/assets/img/content/main/card.jpg','');
--,'26.12.2021', false, 257.21, 16,'','/assets/img/content/main/card.jpg','');
--,'16.02.2021', false, 732.01, 47,'','/assets/img/content/main/card.jpg','');
--,'01.07.2021', true, 715.56, 13,'','/assets/img/content/main/card.jpg','');
--,'02.04.2021', true, 371.46, 24,'','/assets/img/content/main/card.jpg','');
--,'21.07.2021', true, 768.55, 33,'','/assets/img/content/main/card.jpg','');
--,'31.01.2021', false, 297.68, 46,'','/assets/img/content/main/card.jpg','');
--,'10.04.2021', true, 463.42, 17,'','/assets/img/content/main/card.jpg','');
--,'06.08.2021', true, 726.45, 14,'','/assets/img/content/main/card.jpg','');
--,'02.08.2021', false, 479.87, 22,'','/assets/img/content/main/card.jpg','');
--,'18.08.2021', false, 982.52, 32,'','/assets/img/content/main/card.jpg','');
--,'28.07.2021', true, 612.86, 10,'','/assets/img/content/main/card.jpg','');
--,'13.12.2021', false, 644.95, 4,'','/assets/img/content/main/card.jpg','');
--,'17.10.2021', true, 904.87, 17,'','/assets/img/content/main/card.jpg','');
--,'01.10.2021', false, 622.12, 21,'','/assets/img/content/main/card.jpg','');
--,'17.11.2021', false, 773.23, 18,'','/assets/img/content/main/card.jpg','');
--,'01.11.2021', true, 751.69, 16,'','/assets/img/content/main/card.jpg','');
--,'11.03.2021', false, 231.19, 5,'','/assets/img/content/main/card.jpg','');
--,'22.07.2021', false, 579.61, 28,'','/assets/img/content/main/card.jpg','');
--,'31.01.2021', false, 277.6, 13,'','/assets/img/content/main/card.jpg','');
--,'22.04.2021', false, 202.74, 29,'','/assets/img/content/main/card.jpg','');
--,'25.10.2021', true, 345.11, 44,'','/assets/img/content/main/card.jpg','');
--,'03.06.2021', true, 968.17, 6,'','/assets/img/content/main/card.jpg','');
--,'04.04.2021', false, 448.92, 47,'','/assets/img/content/main/card.jpg','');
--,'04.08.2021', true, 303.07, 4,'','/assets/img/content/main/card.jpg','');
--,'29.07.2021', false, 839.41, 26,'','/assets/img/content/main/card.jpg','');
--,'08.12.2021', true, 672.34, 9,'','/assets/img/content/main/card.jpg','');
--,'19.02.2021', false, 269.65, 1,'','/assets/img/content/main/card.jpg','');
--,'29.03.2021', true, 527.8, 23,'','/assets/img/content/main/card.jpg','');
--,'01.12.2021', false, 456.12, 23,'','/assets/img/content/main/card.jpg','');
--,'23.04.2021', true, 293.08, 12,'','/assets/img/content/main/card.jpg','');
--,'04.09.2021', true, 742.86, 18,'','/assets/img/content/main/card.jpg','');
--,'17.01.2021', true, 831.83, 47,'','/assets/img/content/main/card.jpg','');
--,'23.02.2021', false, 906.54, 17,'','/assets/img/content/main/card.jpg','');
--,'04.12.2021', true, 832.36, 18,'','/assets/img/content/main/card.jpg','');
--,'17.04.2021', true, 813.95, 15,'','/assets/img/content/main/card.jpg','');
--,'09.05.2021', true, 249.92, 17,'','/assets/img/content/main/card.jpg','');
--,'18.04.2021', true, 931.15, 22,'','/assets/img/content/main/card.jpg','');
--,'21.05.2021', false, 664.28, 9,'','/assets/img/content/main/card.jpg','');
--,'18.11.2021', true, 586.35, 5,'','/assets/img/content/main/card.jpg','');
--,'11.01.2021', false, 461.52, 43,'','/assets/img/content/main/card.jpg','');
--,'23.02.2021', false, 834.03, 19,'','/assets/img/content/main/card.jpg','');
--,'18.03.2021', false, 588.1, 1,'','/assets/img/content/main/card.jpg','');
--,'09.09.2021', false, 989.26, 6,'','/assets/img/content/main/card.jpg','');
--,'18.05.2021', false, 848.45, 31,'','/assets/img/content/main/card.jpg','');
--,'29.06.2021', true, 330.57, 11,'','/assets/img/content/main/card.jpg','');
--,'20.06.2021', false, 809.85, 28,'','/assets/img/content/main/card.jpg','');
--,'04.05.2021', false, 624.81, 19,'','/assets/img/content/main/card.jpg','');
--,'23.04.2021', false, 521.81, 50,'','/assets/img/content/main/card.jpg','');
--,'01.06.2021', false, 860.15, 16,'','/assets/img/content/main/card.jpg','');
--,'12.06.2021', true, 618.52, 5,'','/assets/img/content/main/card.jpg','');
--,'02.02.2021', true, 983.04, 22,'','/assets/img/content/main/card.jpg','');
--,'27.02.2021', true, 471.84, 40,'','/assets/img/content/main/card.jpg','');
--,'31.03.2021', false, 416.64, 11,'','/assets/img/content/main/card.jpg','');
--,'25.05.2021', false, 703.39, 21,'','/assets/img/content/main/card.jpg','');
--,'28.10.2021', false, 759.12, 16,'','/assets/img/content/main/card.jpg','');
--,'05.09.2021', false, 574.23, 49,'','/assets/img/content/main/card.jpg','');
--,'11.06.2021', true, 388.8, 9,'','/assets/img/content/main/card.jpg','');
--,'17.08.2021', true, 392.75, 35,'','/assets/img/content/main/card.jpg','');
--,'03.10.2021', false, 828.42, 9,'','/assets/img/content/main/card.jpg','');
--,'15.12.2021', false, 971.33, 45,'','/assets/img/content/main/card.jpg','');
--,'04.08.2021', true, 496.27, 8,'','/assets/img/content/main/card.jpg','');
--,'04.12.2021', true, 806.56, 19,'','/assets/img/content/main/card.jpg','');
--,'20.12.2021', false, 833.93, 25,'','/assets/img/content/main/card.jpg','');
--,'05.07.2021', false, 571.65, 37,'','/assets/img/content/main/card.jpg','');
--,'24.05.2021', true, 687.77, 22,'','/assets/img/content/main/card.jpg','');
--,'18.05.2021', true, 767.92, 43,'','/assets/img/content/main/card.jpg','');
--,'17.03.2021', false, 425.01, 47,'','/assets/img/content/main/card.jpg','');
--,'16.12.2021', true, 664.12, 35,'','/assets/img/content/main/card.jpg','');
--,'09.04.2021', false, 631.4, 45,'','/assets/img/content/main/card.jpg','');
--,'19.12.2021', true, 518.02, 21,'','/assets/img/content/main/card.jpg','');
--,'01.11.2021', true, 274.18, 3,'','/assets/img/content/main/card.jpg','');
--,'21.08.2021', true, 331.21, 49,'','/assets/img/content/main/card.jpg','');
--,'16.03.2021', true, 251.22, 26,'','/assets/img/content/main/card.jpg','');
--,'28.07.2021', false, 451.46, 46,'','/assets/img/content/main/card.jpg','');
--,'12.08.2021', true, 860.05, 17,'','/assets/img/content/main/card.jpg','');
--,'20.10.2021', true, 320.14, 42,'','/assets/img/content/main/card.jpg','');
--,'01.10.2021', true, 633.24, 43,'','/assets/img/content/main/card.jpg','');
--,'21.11.2021', true, 301.45, 3,'','/assets/img/content/main/card.jpg','');
--,'05.07.2021', true, 659.31, 33,'','/assets/img/content/main/card.jpg','');
--,'23.03.2021', false, 845.4, 2,'','/assets/img/content/main/card.jpg','');
--,'10.01.2021', false, 516.33, 14,'','/assets/img/content/main/card.jpg','');
--,'15.10.2021', true, 950.37, 42,'','/assets/img/content/main/card.jpg','');
--,'09.01.2021', true, 719.69, 35,'','/assets/img/content/main/card.jpg','');
--,'07.10.2021', true, 453.04, 1,'','/assets/img/content/main/card.jpg','');
--,'25.12.2021', true, 320.92, 7,'','/assets/img/content/main/card.jpg','');
--,'05.02.2021', false, 314.74, 15,'','/assets/img/content/main/card.jpg','');
--,'01.04.2021', false, 549.71, 11,'','/assets/img/content/main/card.jpg','');
--,'10.07.2021', false, 618.18, 8,'','/assets/img/content/main/card.jpg','');
--,'12.05.2021', false, 643.34, 32,'','/assets/img/content/main/card.jpg','');
--,'13.07.2021', true, 573.2, 5,'','/assets/img/content/main/card.jpg','');
--,'04.01.2021', false, 891.54, 45,'','/assets/img/content/main/card.jpg','');
--,'21.05.2021', true, 680.54, 39,'','/assets/img/content/main/card.jpg','');
--,'05.03.2021', true, 363.47, 50,'','/assets/img/content/main/card.jpg','');
--,'25.08.2021', true, 661.22, 20,'','/assets/img/content/main/card.jpg','');
--,'23.12.2021', true, 857.77, 35,'','/assets/img/content/main/card.jpg','');
--,'24.01.2021', true, 910.64, 49,'','/assets/img/content/main/card.jpg','');
--,'30.08.2021', false, 865.22, 9,'','/assets/img/content/main/card.jpg','');
--,'15.01.2021', false, 382.77, 9,'','/assets/img/content/main/card.jpg','');
--,'07.06.2021', false, 446.95, 48,'','/assets/img/content/main/card.jpg','');
--,'01.04.2021', true, 899.71, 9,'','/assets/img/content/main/card.jpg','');
--,'15.05.2021', true, 387.32, 12,'','/assets/img/content/main/card.jpg','');
--,'08.05.2021', false, 468.52, 50,'','/assets/img/content/main/card.jpg','');
--,'11.06.2021', true, 910.31, 2,'','/assets/img/content/main/card.jpg','');
--,'03.06.2021', true, 248.94, 13,'','/assets/img/content/main/card.jpg','');
--,'10.05.2021', true, 755.75, 31,'','/assets/img/content/main/card.jpg','');
--,'19.03.2021', false, 964.58, 32,'','/assets/img/content/main/card.jpg','');
--,'07.06.2021', false, 235.41, 30,'','/assets/img/content/main/card.jpg','');
--,'29.03.2021', false, 830.33, 35,'','/assets/img/content/main/card.jpg','');
--,'19.03.2021', false, 408.15, 11,'','/assets/img/content/main/card.jpg','');
--,'18.01.2021', true, 532.56, 34,'','/assets/img/content/main/card.jpg','');
--,'12.01.2021', true, 995.71, 33,'','/assets/img/content/main/card.jpg','');
--,'18.10.2021', false, 976.29, 15,'','/assets/img/content/main/card.jpg','');
--,'28.07.2021', false, 890.15, 24,'','/assets/img/content/main/card.jpg','');
--,'21.06.2021', true, 409.47, 44,'','/assets/img/content/main/card.jpg','');
--,'26.04.2021', true, 381.28, 14,'','/assets/img/content/main/card.jpg','');
--,'03.02.2021', false, 786.51, 5,'','/assets/img/content/main/card.jpg','');
--,'06.11.2021', false, 374.88, 17,'','/assets/img/content/main/card.jpg','');
--,'28.04.2021', true, 724.4, 45,'','/assets/img/content/main/card.jpg','');
--,'15.12.2021', false, 542.58, 48,'','/assets/img/content/main/card.jpg','');
--,'16.03.2021', false, 444.89, 36,'','/assets/img/content/main/card.jpg','');
--,'29.01.2021', true, 875.31, 33,'','/assets/img/content/main/card.jpg','');
--,'11.02.2021', false, 298.0, 34,'','/assets/img/content/main/card.jpg','');
--,'05.04.2021', true, 512.4, 31,'','/assets/img/content/main/card.jpg','');
--,'27.08.2021', true, 709.62, 16,'','/assets/img/content/main/card.jpg','');
--,'12.03.2021', false, 894.47, 34,'','/assets/img/content/main/card.jpg','');
--,'05.05.2021', true, 858.78, 36,'','/assets/img/content/main/card.jpg','');
--,'15.09.2021', true, 532.58, 1,'','/assets/img/content/main/card.jpg','');
--,'02.01.2021', true, 887.92, 36,'','/assets/img/content/main/card.jpg','');
--,'31.10.2021', true, 994.89, 48,'','/assets/img/content/main/card.jpg','');
--,'05.05.2021', false, 385.48, 3,'','/assets/img/content/main/card.jpg','');
--,'21.05.2021', false, 549.78, 10,'','/assets/img/content/main/card.jpg','');
--,'04.05.2021', true, 478.47, 10,'','/assets/img/content/main/card.jpg','');
--,'17.07.2021', true, 366.45, 18,'','/assets/img/content/main/card.jpg','');
--,'25.05.2021', true, 553.63, 17,'','/assets/img/content/main/card.jpg','');
--,'20.07.2021', false, 749.42, 18,'','/assets/img/content/main/card.jpg','');
--,'08.06.2021', false, 538.22, 49,'','/assets/img/content/main/card.jpg','');
--,'21.06.2021', false, 279.15, 26,'','/assets/img/content/main/card.jpg','');
--,'28.12.2021', false, 358.46, 41,'','/assets/img/content/main/card.jpg','');
--,'02.03.2021', true, 569.78, 23,'','/assets/img/content/main/card.jpg','');
--,'02.07.2021', true, 876.7, 23,'','/assets/img/content/main/card.jpg','');
--,'07.11.2021', true, 814.04, 25,'','/assets/img/content/main/card.jpg','');
--,'19.07.2021', false, 528.96, 41,'','/assets/img/content/main/card.jpg','');
--,'18.12.2021', false, 685.5, 24,'','/assets/img/content/main/card.jpg','');
--,'21.08.2021', false, 714.54, 43,'','/assets/img/content/main/card.jpg','');
--,'11.07.2021', false, 350.44, 14,'','/assets/img/content/main/card.jpg','');
--,'30.07.2021', true, 756.37, 38,'','/assets/img/content/main/card.jpg','');
--,'03.09.2021', false, 209.96, 15,'','/assets/img/content/main/card.jpg','');
--,'08.09.2021', false, 234.24, 45,'','/assets/img/content/main/card.jpg','');
--,'20.05.2021', true, 264.11, 8,'','/assets/img/content/main/card.jpg','');
--,'25.05.2021', false, 629.97, 9,'','/assets/img/content/main/card.jpg','');
--,'03.07.2021', false, 216.6, 49,'','/assets/img/content/main/card.jpg','');
--,'25.06.2021', true, 482.34, 7,'','/assets/img/content/main/card.jpg','');
--,'24.08.2021', true, 996.21, 21,'','/assets/img/content/main/card.jpg','');
--,'26.10.2021', true, 532.82, 38,'','/assets/img/content/main/card.jpg','');
--,'05.10.2021', false, 463.59, 24,'','/assets/img/content/main/card.jpg','');
--,'05.03.2021', false, 291.62, 35,'','/assets/img/content/main/card.jpg','');
--,'02.02.2021', true, 367.02, 30,'','/assets/img/content/main/card.jpg','');
--,'04.06.2021', true, 520.98, 12,'','/assets/img/content/main/card.jpg','');
--,'12.01.2021', true, 437.26, 21,'','/assets/img/content/main/card.jpg','');
--,'27.02.2021', true, 511.83, 14,'','/assets/img/content/main/card.jpg','');
--,'04.06.2021', false, 425.24, 17,'','/assets/img/content/main/card.jpg','');
--,'22.04.2021', true, 782.87, 20,'','/assets/img/content/main/card.jpg','');
--,'10.09.2021', false, 384.38, 43,'','/assets/img/content/main/card.jpg','');
--,'18.10.2021', true, 314.5, 43,'','/assets/img/content/main/card.jpg','');
--,'01.03.2021', true, 227.11, 37,'','/assets/img/content/main/card.jpg','');
--,'03.11.2021', true, 808.86, 17,'','/assets/img/content/main/card.jpg','');
--,'28.06.2021', false, 301.38, 20,'','/assets/img/content/main/card.jpg','');
--,'18.10.2021', true, 392.69, 17,'','/assets/img/content/main/card.jpg','');
--,'18.06.2021', true, 531.31, 13,'','/assets/img/content/main/card.jpg','');
--,'04.08.2021', true, 200.47, 10,'','/assets/img/content/main/card.jpg','');
--,'15.03.2021', false, 348.02, 12,'','/assets/img/content/main/card.jpg','');
--,'05.08.2021', false, 547.99, 37,'','/assets/img/content/main/card.jpg','');
--,'09.02.2021', true, 884.79, 49,'','/assets/img/content/main/card.jpg','');
--,'14.08.2021', true, 277.23, 10,'','/assets/img/content/main/card.jpg','');
--,'20.08.2021', false, 521.15, 20,'','/assets/img/content/main/card.jpg','');
--,'05.01.2021', true, 473.81, 19,'','/assets/img/content/main/card.jpg','');
--,'07.04.2021', false, 219.29, 35,'','/assets/img/content/main/card.jpg','');
--,'20.05.2021', false, 431.3, 3,'','/assets/img/content/main/card.jpg','');
--,'02.05.2021', false, 730.3, 15,'','/assets/img/content/main/card.jpg','');
--,'26.10.2021', true, 947.6, 45,'','/assets/img/content/main/card.jpg','');
--,'23.09.2021', true, 293.23, 28,'','/assets/img/content/main/card.jpg','');
--,'07.02.2021', true, 857.92, 18,'','/assets/img/content/main/card.jpg','');
--,'04.08.2021', true, 247.51, 13,'','/assets/img/content/main/card.jpg','');
--,'16.12.2021', false, 579.11, 43,'','/assets/img/content/main/card.jpg','');
--,'30.04.2021', true, 237.37, 23,'','/assets/img/content/main/card.jpg','');
--,'19.03.2021', true, 353.89, 35,'','/assets/img/content/main/card.jpg','');
--,'20.10.2021', false, 672.34, 25,'','/assets/img/content/main/card.jpg','');
--,'16.10.2021', true, 449.52, 1,'','/assets/img/content/main/card.jpg','');
--,'05.04.2021', true, 444.87, 26,'','/assets/img/content/main/card.jpg','');
--,'28.12.2021', true, 496.43, 22,'','/assets/img/content/main/card.jpg','');
--,'30.06.2021', true, 565.81, 4,'','/assets/img/content/main/card.jpg','');
--,'04.11.2021', true, 330.7, 34,'','/assets/img/content/main/card.jpg','');
--,'26.01.2021', false, 590.85, 37,'','/assets/img/content/main/card.jpg','');
--,'19.09.2021', false, 573.09, 3,'','/assets/img/content/main/card.jpg','');
--,'03.07.2021', true, 938.51, 24,'','/assets/img/content/main/card.jpg','');
--,'02.04.2021', false, 292.46, 8,'','/assets/img/content/main/card.jpg','');
--,'09.06.2021', true, 501.49, 18,'','/assets/img/content/main/card.jpg','');
--,'17.08.2021', true, 271.71, 29,'','/assets/img/content/main/card.jpg','');
--,'09.08.2021', true, 660.2, 2,'','/assets/img/content/main/card.jpg','');
--,'10.08.2021', false, 661.82, 2,'','/assets/img/content/main/card.jpg','');
--,'23.07.2021', false, 925.75, 46,'','/assets/img/content/main/card.jpg','');
--,'07.06.2021', true, 632.89, 6,'','/assets/img/content/main/card.jpg','');
--,'13.09.2021', true, 424.01, 29,'','/assets/img/content/main/card.jpg','');
--,'01.04.2021', false, 635.83, 49,'','/assets/img/content/main/card.jpg','');
--,'21.03.2021', true, 464.68, 20,'','/assets/img/content/main/card.jpg','');
--,'12.06.2021', false, 808.02, 13,'','/assets/img/content/main/card.jpg','');
--,'22.06.2021', true, 996.34, 48,'','/assets/img/content/main/card.jpg','');
--,'28.02.2021', true, 849.34, 34,'','/assets/img/content/main/card.jpg','');
--,'07.05.2021', true, 210.3, 14,'','/assets/img/content/main/card.jpg','');
--,'26.08.2021', false, 363.67, 29,'','/assets/img/content/main/card.jpg','');
--,'22.11.2021', true, 452.92, 42,'','/assets/img/content/main/card.jpg','');
--,'27.07.2021', false, 297.47, 26,'','/assets/img/content/main/card.jpg','');
--,'27.06.2021', false, 999.03, 41,'','/assets/img/content/main/card.jpg','');
--,'15.11.2021', false, 286.18, 40,'','/assets/img/content/main/card.jpg','');
--,'03.05.2021', true, 759.68, 46,'','/assets/img/content/main/card.jpg','');
--,'27.10.2021', false, 586.46, 7,'','/assets/img/content/main/card.jpg','');
--,'09.10.2021', true, 408.6, 2,'','/assets/img/content/main/card.jpg','');
--,'02.07.2021', true, 978.28, 15,'','/assets/img/content/main/card.jpg','');
--,'15.12.2021', true, 898.95, 40,'','/assets/img/content/main/card.jpg','');
--,'18.11.2021', true, 375.53, 18,'','/assets/img/content/main/card.jpg','');
--,'22.09.2021', false, 339.82, 2,'','/assets/img/content/main/card.jpg','');
--,'14.10.2021', true, 771.42, 13,'','/assets/img/content/main/card.jpg','');
--,'03.03.2021', true, 579.43, 5,'','/assets/img/content/main/card.jpg','');
--,'20.04.2021', false, 274.99, 12,'','/assets/img/content/main/card.jpg','');
--,'30.12.2021', false, 910.47, 36,'','/assets/img/content/main/card.jpg','');
--,'14.12.2021', true, 272.1, 12,'','/assets/img/content/main/card.jpg','');
--,'06.01.2021', true, 222.24, 43,'','/assets/img/content/main/card.jpg','');
--,'15.07.2021', true, 283.19, 18,'','/assets/img/content/main/card.jpg','');
--,'12.01.2021', true, 804.07, 21,'','/assets/img/content/main/card.jpg','');
--,'09.11.2021', true, 917.21, 19,'','/assets/img/content/main/card.jpg','');
--,'18.11.2021', false, 444.41, 47,'','/assets/img/content/main/card.jpg','');
--,'15.10.2021', false, 637.17, 23,'','/assets/img/content/main/card.jpg','');
--,'14.09.2021', true, 900.81, 1,'','/assets/img/content/main/card.jpg','');
--,'26.02.2021', true, 613.8, 13,'','/assets/img/content/main/card.jpg','');
--,'13.12.2021', true, 439.58, 37,'','/assets/img/content/main/card.jpg','');
--,'20.11.2021', true, 419.39, 9,'','/assets/img/content/main/card.jpg','');
--,'03.09.2021', true, 709.83, 31,'','/assets/img/content/main/card.jpg','');
--,'04.05.2021', false, 701.47, 39,'','/assets/img/content/main/card.jpg','');
--,'25.11.2021', false, 903.79, 12,'','/assets/img/content/main/card.jpg','');
--,'30.09.2021', true, 437.8, 7,'','/assets/img/content/main/card.jpg','');
--,'02.07.2021', true, 713.66, 4,'','/assets/img/content/main/card.jpg','');
--,'31.03.2021', true, 871.01, 20,'','/assets/img/content/main/card.jpg','');
--,'23.12.2021', false, 245.87, 30,'','/assets/img/content/main/card.jpg','');
--,'06.04.2021', false, 745.6, 28,'','/assets/img/content/main/card.jpg','');
--,'14.05.2021', false, 405.6, 20,'','/assets/img/content/main/card.jpg','');
--,'05.10.2021', true, 482.45, 22,'','/assets/img/content/main/card.jpg','');
--,'28.03.2021', true, 669.67, 29,'','/assets/img/content/main/card.jpg','');
--,'02.03.2021', true, 279.48, 31,'','/assets/img/content/main/card.jpg','');
--,'02.04.2021', true, 607.07, 50,'','/assets/img/content/main/card.jpg','');
--,'31.05.2021', true, 669.11, 43,'','/assets/img/content/main/card.jpg','');
--,'31.07.2021', true, 285.87, 2,'','/assets/img/content/main/card.jpg','');
--,'06.02.2021', true, 872.48, 9,'','/assets/img/content/main/card.jpg','');
--,'28.01.2021', true, 547.77, 25,'','/assets/img/content/main/card.jpg','');
--,'06.07.2021', false, 961.92, 28,'','/assets/img/content/main/card.jpg','');
--,'26.03.2021', false, 210.49, 34,'','/assets/img/content/main/card.jpg','');
--,'29.01.2021', true, 623.34, 30,'','/assets/img/content/main/card.jpg','');
--,'23.05.2021', false, 521.76, 32,'','/assets/img/content/main/card.jpg','');
--,'05.10.2021', false, 683.81, 29,'','/assets/img/content/main/card.jpg','');
--,'14.02.2021', true, 292.23, 46,'','/assets/img/content/main/card.jpg','');
--,'16.09.2021', false, 764.14, 23,'','/assets/img/content/main/card.jpg','');
--,'03.02.2021', true, 887.27, 44,'','/assets/img/content/main/card.jpg','');
--,'17.06.2021', true, 568.16, 16,'','/assets/img/content/main/card.jpg','');
--,'01.11.2021', true, 409.94, 48,'','/assets/img/content/main/card.jpg','');
--,'29.03.2021', false, 268.02, 12,'','/assets/img/content/main/card.jpg','');
--,'14.05.2021', true, 416.49, 7,'','/assets/img/content/main/card.jpg','');
--,'26.06.2021', false, 225.34, 27,'','/assets/img/content/main/card.jpg','');
--,'13.01.2021', false, 867.16, 24,'','/assets/img/content/main/card.jpg','');
--,'17.05.2021', false, 712.87, 44,'','/assets/img/content/main/card.jpg','');
--,'16.04.2021', true, 394.16, 25,'','/assets/img/content/main/card.jpg','');
--,'18.07.2021', true, 878.61, 40,'','/assets/img/content/main/card.jpg','');
--,'09.09.2021', true, 319.35, 45,'','/assets/img/content/main/card.jpg','');
--,'06.05.2021', false, 934.34, 26,'','/assets/img/content/main/card.jpg','');
--,'15.02.2021', true, 724.08, 25,'','/assets/img/content/main/card.jpg','');
--,'23.03.2021', true, 364.55, 29,'','/assets/img/content/main/card.jpg','');
--,'08.04.2021', false, 655.37, 5,'','/assets/img/content/main/card.jpg','');
--,'21.12.2021', true, 627.8, 21,'','/assets/img/content/main/card.jpg','');
--,'09.05.2021', false, 750.41, 31,'','/assets/img/content/main/card.jpg','');
--,'04.04.2021', false, 416.05, 45,'','/assets/img/content/main/card.jpg','');
--,'11.08.2021', true, 726.73, 43,'','/assets/img/content/main/card.jpg','');
--,'04.03.2021', false, 996.36, 10,'','/assets/img/content/main/card.jpg','');
--,'02.08.2021', true, 953.55, 3,'','/assets/img/content/main/card.jpg','');
--,'13.10.2021', false, 540.72, 12,'','/assets/img/content/main/card.jpg','');
--,'28.09.2021', false, 470.02, 47,'','/assets/img/content/main/card.jpg','');
--,'11.01.2021', true, 603.4, 42,'','/assets/img/content/main/card.jpg','');
--,'06.07.2021', false, 963.9, 1,'','/assets/img/content/main/card.jpg','');
--,'09.05.2021', false, 281.34, 31,'','/assets/img/content/main/card.jpg','');
--,'28.05.2021', false, 947.9, 40,'','/assets/img/content/main/card.jpg','');
--,'05.01.2021', true, 632.87, 35,'','/assets/img/content/main/card.jpg','');
--,'02.03.2021', true, 623.7, 16,'','/assets/img/content/main/card.jpg','');
--,'25.03.2021', true, 698.98, 9,'','/assets/img/content/main/card.jpg','');
--,'12.02.2021', true, 997.39, 3,'','/assets/img/content/main/card.jpg','');
--,'26.11.2021', false, 819.24, 45,'','/assets/img/content/main/card.jpg','');
--,'04.08.2021', true, 986.03, 18,'','/assets/img/content/main/card.jpg','');
--,'11.10.2021', true, 310.63, 12,'','/assets/img/content/main/card.jpg','');
--,'23.05.2021', true, 240.99, 30,'','/assets/img/content/main/card.jpg','');
--,'19.03.2021', true, 235.42, 5,'','/assets/img/content/main/card.jpg','');
--,'11.03.2021', true, 590.92, 15,'','/assets/img/content/main/card.jpg','');
--,'05.05.2021', true, 607.01, 47,'','/assets/img/content/main/card.jpg','');
--,'28.12.2021', false, 686.33, 26,'','/assets/img/content/main/card.jpg','');
--,'11.09.2021', true, 642.57, 31,'','/assets/img/content/main/card.jpg','');
--,'07.04.2021', true, 704.81, 41,'','/assets/img/content/main/card.jpg','');
--,'18.10.2021', true, 354.55, 31,'','/assets/img/content/main/card.jpg','');
--,'21.03.2021', false, 853.11, 35,'','/assets/img/content/main/card.jpg','');
--,'29.07.2021', false, 653.13, 5,'','/assets/img/content/main/card.jpg','');
--,'23.05.2021', false, 944.97, 2,'','/assets/img/content/main/card.jpg','');
--,'26.01.2021', false, 780.47, 30,'','/assets/img/content/main/card.jpg','');
--,'10.03.2021', false, 208.89, 3,'','/assets/img/content/main/card.jpg','');
--,'02.06.2021', false, 714.26, 34,'','/assets/img/content/main/card.jpg','');
--,'14.10.2021', true, 709.74, 50,'','/assets/img/content/main/card.jpg','');
--,'03.02.2021', true, 908.95, 12,'','/assets/img/content/main/card.jpg','');
--,'28.07.2021', true, 536.61, 39,'','/assets/img/content/main/card.jpg','');
--,'17.03.2021', false, 559.54, 13,'','/assets/img/content/main/card.jpg','');
--,'01.06.2021', true, 690.65, 21,'','/assets/img/content/main/card.jpg','');
--,'24.03.2021', false, 843.72, 23,'','/assets/img/content/main/card.jpg','');
--,'23.03.2021', true, 280.76, 47,'','/assets/img/content/main/card.jpg','');
--,'04.01.2021', false, 604.71, 1,'','/assets/img/content/main/card.jpg','');
--,'20.09.2021', false, 985.0, 37,'','/assets/img/content/main/card.jpg','');
--,'18.06.2021', false, 856.17, 5,'','/assets/img/content/main/card.jpg','');
--,'06.07.2021', false, 727.35, 26,'','/assets/img/content/main/card.jpg','');
--,'14.03.2021', true, 994.3, 29,'','/assets/img/content/main/card.jpg','');
--,'20.06.2021', true, 983.73, 34,'','/assets/img/content/main/card.jpg','');
--,'16.03.2021', true, 218.05, 35,'','/assets/img/content/main/card.jpg','');
--,'13.06.2021', false, 842.82, 21,'','/assets/img/content/main/card.jpg','');
--,'03.12.2021', false, 789.5, 1,'','/assets/img/content/main/card.jpg','');
--,'30.03.2021', false, 325.42, 34,'','/assets/img/content/main/card.jpg','');
--,'26.10.2021', false, 936.18, 1,'','/assets/img/content/main/card.jpg','');
--,'06.03.2021', true, 770.78, 39,'','/assets/img/content/main/card.jpg','');
--,'11.09.2021', true, 680.74, 5,'','/assets/img/content/main/card.jpg','');
--,'04.06.2021', true, 271.13, 24,'','/assets/img/content/main/card.jpg','');
--,'18.09.2021', false, 286.37, 12,'','/assets/img/content/main/card.jpg','');
--,'13.07.2021', false, 977.33, 35,'','/assets/img/content/main/card.jpg','');
--,'29.09.2021', true, 882.25, 26,'','/assets/img/content/main/card.jpg','');
--,'15.08.2021', true, 232.39, 47,'','/assets/img/content/main/card.jpg','');
--,'12.09.2021', false, 425.19, 40,'','/assets/img/content/main/card.jpg','');
--,'27.01.2021', false, 205.89, 13,'','/assets/img/content/main/card.jpg','');
--,'13.06.2021', false, 235.19, 19,'','/assets/img/content/main/card.jpg','');
--,'26.09.2021', true, 546.32, 14,'','/assets/img/content/main/card.jpg','');
--,'05.08.2021', false, 581.96, 17,'','/assets/img/content/main/card.jpg','');
--,'13.04.2021', false, 669.68, 23,'','/assets/img/content/main/card.jpg','');
--,'28.03.2021', false, 506.92, 8,'','/assets/img/content/main/card.jpg','');
--,'14.10.2021', false, 587.83, 38,'','/assets/img/content/main/card.jpg','');
--,'30.11.2021', false, 808.05, 9,'','/assets/img/content/main/card.jpg','');
--,'14.01.2021', false, 576.46, 28,'','/assets/img/content/main/card.jpg','');
--,'22.12.2021', true, 371.19, 37,'','/assets/img/content/main/card.jpg','');
--,'15.03.2021', false, 754.21, 10,'','/assets/img/content/main/card.jpg','');
--,'06.02.2021', false, 458.46, 17,'','/assets/img/content/main/card.jpg','');
--,'04.01.2021', false, 417.72, 5,'','/assets/img/content/main/card.jpg','');
--,'28.04.2021', true, 978.71, 46,'','/assets/img/content/main/card.jpg','');
--,'23.06.2021', false, 360.41, 19,'','/assets/img/content/main/card.jpg','');
--,'07.12.2021', false, 911.19, 39,'','/assets/img/content/main/card.jpg','');
--,'07.09.2021', false, 407.78, 50,'','/assets/img/content/main/card.jpg','');
--,'30.03.2021', false, 282.78, 23,'','/assets/img/content/main/card.jpg','');
--,'24.01.2021', false, 655.2, 43,'','/assets/img/content/main/card.jpg','');
--,'21.11.2021', true, 792.16, 47,'','/assets/img/content/main/card.jpg','');
--,'14.02.2021', true, 286.95, 7,'','/assets/img/content/main/card.jpg','');
--,'30.09.2021', true, 778.4, 6,'','/assets/img/content/main/card.jpg','');
--,'29.05.2021', true, 992.81, 12,'','/assets/img/content/main/card.jpg','');
--,'31.05.2021', true, 670.43, 17,'','/assets/img/content/main/card.jpg','');
--,'15.10.2021', false, 907.97, 11,'','/assets/img/content/main/card.jpg','');
--,'15.08.2021', true, 839.21, 35,'','/assets/img/content/main/card.jpg','');
--,'24.11.2021', true, 585.48, 14,'','/assets/img/content/main/card.jpg','');
--,'13.05.2021', true, 893.38, 11,'','/assets/img/content/main/card.jpg','');
--,'02.03.2021', true, 902.17, 13,'','/assets/img/content/main/card.jpg','');
--,'21.05.2021', true, 349.28, 2,'','/assets/img/content/main/card.jpg','');
--,'31.08.2021', false, 637.42, 50,'','/assets/img/content/main/card.jpg','');
--,'25.01.2021', false, 225.19, 4,'','/assets/img/content/main/card.jpg','');
--,'07.07.2021', true, 207.5, 7,'','/assets/img/content/main/card.jpg','');
--,'12.10.2021', true, 767.47, 19,'','/assets/img/content/main/card.jpg','');
--,'23.12.2021', true, 920.84, 2,'','/assets/img/content/main/card.jpg','');
--,'02.02.2021', false, 412.95, 32,'','/assets/img/content/main/card.jpg','');
--,'29.06.2021', false, 721.32, 15,'','/assets/img/content/main/card.jpg','');
--,'08.02.2021', false, 706.65, 26,'','/assets/img/content/main/card.jpg','');
--,'02.12.2021', true, 966.3, 14,'','/assets/img/content/main/card.jpg','');
--,'17.05.2021', true, 260.25, 44,'','/assets/img/content/main/card.jpg','');
--,'14.04.2021', true, 418.75, 49,'','/assets/img/content/main/card.jpg','');
--,'14.12.2021', false, 287.02, 13,'','/assets/img/content/main/card.jpg','');
--,'11.03.2021', false, 307.86, 27,'','/assets/img/content/main/card.jpg','');
--,'20.02.2021', true, 817.73, 35,'','/assets/img/content/main/card.jpg','');
--,'09.02.2021', true, 538.89, 19,'','/assets/img/content/main/card.jpg','');
--,'04.01.2021', false, 603.38, 24,'','/assets/img/content/main/card.jpg','');
--,'16.08.2021', true, 912.21, 21,'','/assets/img/content/main/card.jpg','');
--,'01.02.2021', false, 987.13, 41,'','/assets/img/content/main/card.jpg','');
--,'14.08.2021', true, 702.84, 9,'','/assets/img/content/main/card.jpg','');
--,'27.11.2021', false, 828.15, 28,'','/assets/img/content/main/card.jpg','');
--,'29.01.2021', false, 482.91, 46,'','/assets/img/content/main/card.jpg','');
--,'20.08.2021', false, 799.68, 13,'','/assets/img/content/main/card.jpg','');
--,'06.05.2021', true, 881.25, 44,'','/assets/img/content/main/card.jpg','');
--,'08.01.2021', false, 795.95, 37,'','/assets/img/content/main/card.jpg','');
--,'21.11.2021', false, 348.84, 8,'','/assets/img/content/main/card.jpg','');
--,'15.12.2021', false, 279.22, 49,'','/assets/img/content/main/card.jpg','');
--,'17.03.2021', false, 465.38, 37,'','/assets/img/content/main/card.jpg','');
--,'20.04.2021', true, 980.39, 12,'','/assets/img/content/main/card.jpg','');
--,'04.06.2021', false, 781.59, 21,'','/assets/img/content/main/card.jpg','');
--,'10.01.2021', true, 580.06, 38,'','/assets/img/content/main/card.jpg','');
--,'01.01.2021', false, 699.34, 6,'','/assets/img/content/main/card.jpg','');
--,'24.03.2021', true, 484.52, 35,'','/assets/img/content/main/card.jpg','');
--,'27.02.2021', false, 506.07, 22,'','/assets/img/content/main/card.jpg','');
--,'22.06.2021', true, 321.54, 6,'','/assets/img/content/main/card.jpg','');
--,'03.08.2021', false, 540.13, 30,'','/assets/img/content/main/card.jpg','');
--,'29.01.2021', true, 910.99, 34,'','/assets/img/content/main/card.jpg','');
--,'12.07.2021', false, 784.89, 13,'','/assets/img/content/main/card.jpg','');
--,'26.06.2021', true, 484.27, 38,'','/assets/img/content/main/card.jpg','');
--,'15.08.2021', true, 605.84, 31,'','/assets/img/content/main/card.jpg','');
--,'27.12.2021', false, 478.16, 22,'','/assets/img/content/main/card.jpg','');
--,'04.02.2021', true, 722.31, 1,'','/assets/img/content/main/card.jpg','');
--,'15.06.2021', true, 825.54, 28,'','/assets/img/content/main/card.jpg','');
--,'02.09.2021', false, 980.23, 2,'','/assets/img/content/main/card.jpg','');
--,'08.12.2021', true, 482.35, 13,'','/assets/img/content/main/card.jpg','');
--,'04.03.2021', false, 250.43, 25,'','/assets/img/content/main/card.jpg','');
--,'10.10.2021', true, 779.77, 10,'','/assets/img/content/main/card.jpg','');
--,'15.05.2021', false, 920.92, 47,'','/assets/img/content/main/card.jpg','');
--,'03.03.2021', true, 407.84, 47,'','/assets/img/content/main/card.jpg','');
--,'18.10.2021', false, 253.12, 45,'','/assets/img/content/main/card.jpg','');
--,'02.10.2021', true, 664.27, 2,'','/assets/img/content/main/card.jpg','');
--,'26.08.2021', true, 857.37, 18,'','/assets/img/content/main/card.jpg','');
--,'05.04.2021', true, 209.59, 30,'','/assets/img/content/main/card.jpg','');
--,'28.08.2021', false, 764.11, 46,'','/assets/img/content/main/card.jpg','');
--,'30.08.2021', false, 512.61, 10,'','/assets/img/content/main/card.jpg','');
--,'07.02.2021', true, 353.47, 39,'','/assets/img/content/main/card.jpg','');
--,'20.11.2021', false, 366.3, 20,'','/assets/img/content/main/card.jpg','');
--,'26.09.2021', false, 506.53, 19,'','/assets/img/content/main/card.jpg','');
--,'08.02.2021', false, 344.16, 18,'','/assets/img/content/main/card.jpg','');
--,'17.09.2021', false, 608.98, 24,'','/assets/img/content/main/card.jpg','');
--,'23.04.2021', true, 931.19, 38,'','/assets/img/content/main/card.jpg','');
--,'04.11.2021', true, 250.92, 50,'','/assets/img/content/main/card.jpg','');
--,'27.08.2021', false, 513.43, 41,'','/assets/img/content/main/card.jpg','');
--,'13.07.2021', true, 820.92, 28,'','/assets/img/content/main/card.jpg','');
--,'19.10.2021', true, 349.5, 35,'','/assets/img/content/main/card.jpg','');
--,'17.11.2021', true, 597.03, 33,'','/assets/img/content/main/card.jpg','');
--,'02.09.2021', false, 910.37, 14,'','/assets/img/content/main/card.jpg','');
--,'25.01.2021', false, 673.64, 48,'','/assets/img/content/main/card.jpg','');
--,'03.07.2021', true, 364.31, 50,'','/assets/img/content/main/card.jpg','');
--,'27.10.2021', false, 690.3, 10,'','/assets/img/content/main/card.jpg','');
--,'27.01.2021', true, 313.35, 30,'','/assets/img/content/main/card.jpg','');
--,'04.04.2021', true, 754.7, 23,'','/assets/img/content/main/card.jpg','');
--,'22.02.2021', false, 764.51, 6,'','/assets/img/content/main/card.jpg','');
--,'21.03.2021', true, 773.37, 8,'','/assets/img/content/main/card.jpg','');
--,'03.05.2021', true, 204.85, 27,'','/assets/img/content/main/card.jpg','');
--,'17.07.2021', true, 771.06, 14,'','/assets/img/content/main/card.jpg','');
--,'27.03.2021', true, 985.9, 49,'','/assets/img/content/main/card.jpg','');
--,'29.04.2021', false, 636.98, 34,'','/assets/img/content/main/card.jpg','');
--,'30.11.2021', true, 526.93, 38,'','/assets/img/content/main/card.jpg','');
--,'28.04.2021', true, 314.37, 42,'','/assets/img/content/main/card.jpg','');
--,'05.11.2021', false, 271.8, 38,'','/assets/img/content/main/card.jpg','');
--,'27.11.2021', true, 544.19, 31,'','/assets/img/content/main/card.jpg','');
--,'16.05.2021', true, 227.0, 50,'','/assets/img/content/main/card.jpg','');
--,'07.08.2021', false, 865.4, 39,'','/assets/img/content/main/card.jpg','');
--,'05.09.2021', true, 653.46, 50,'','/assets/img/content/main/card.jpg','');
--,'22.11.2021', true, 540.24, 13,'','/assets/img/content/main/card.jpg','');
--,'01.12.2021', true, 708.57, 45,'','/assets/img/content/main/card.jpg','');
--,'02.06.2021', false, 832.79, 3,'','/assets/img/content/main/card.jpg','');
--,'09.02.2021', false, 427.08, 12,'','/assets/img/content/main/card.jpg','');
--,'04.04.2021', false, 995.64, 22,'','/assets/img/content/main/card.jpg','');
--,'27.07.2021', false, 762.16, 3,'','/assets/img/content/main/card.jpg','');
--,'23.06.2021', false, 952.98, 43,'','/assets/img/content/main/card.jpg','');
--,'27.01.2021', true, 831.84, 1,'','/assets/img/content/main/card.jpg','');
--,'03.01.2021', false, 703.5, 23,'','/assets/img/content/main/card.jpg','');
--,'02.08.2021', true, 460.13, 7,'','/assets/img/content/main/card.jpg','');
--,'08.11.2021', false, 542.06, 49,'','/assets/img/content/main/card.jpg','');
--,'03.04.2021', false, 437.61, 29,'','/assets/img/content/main/card.jpg','');
--,'30.01.2021', true, 491.68, 34,'','/assets/img/content/main/card.jpg','');
--,'29.11.2021', false, 867.76, 33,'','/assets/img/content/main/card.jpg','');
--,'07.05.2021', false, 417.23, 49,'','/assets/img/content/main/card.jpg','');
--,'07.10.2021', false, 445.73, 45,'','/assets/img/content/main/card.jpg','');
--,'17.11.2021', true, 586.87, 24,'','/assets/img/content/main/card.jpg','');
--,'10.03.2021', false, 743.73, 19,'','/assets/img/content/main/card.jpg','');
--,'05.05.2021', true, 203.13, 21,'','/assets/img/content/main/card.jpg','');
--,'27.12.2021', false, 693.01, 1,'','/assets/img/content/main/card.jpg','');
--,'10.08.2021', false, 691.74, 10,'','/assets/img/content/main/card.jpg','');
--,'07.04.2021', false, 962.8, 13,'','/assets/img/content/main/card.jpg','');
--,'28.07.2021', true, 633.66, 25,'','/assets/img/content/main/card.jpg','');
--,'02.12.2021', true, 317.95, 23,'','/assets/img/content/main/card.jpg','');
--,'03.05.2021', true, 206.5, 30,'','/assets/img/content/main/card.jpg','');
--,'26.06.2021', false, 367.45, 32,'','/assets/img/content/main/card.jpg','');
--,'18.09.2021', false, 687.79, 2,'','/assets/img/content/main/card.jpg','');
--,'28.05.2021', false, 308.58, 22,'','/assets/img/content/main/card.jpg','');
--,'27.12.2021', false, 793.89, 18,'','/assets/img/content/main/card.jpg','');
--,'16.02.2021', false, 537.41, 44,'','/assets/img/content/main/card.jpg','');
--,'03.01.2021', true, 693.04, 29,'','/assets/img/content/main/card.jpg','');
--,'24.12.2021', true, 692.71, 44,'','/assets/img/content/main/card.jpg','');
--,'04.09.2021', true, 727.94, 24,'','/assets/img/content/main/card.jpg','');
--,'21.07.2021', false, 285.34, 30,'','/assets/img/content/main/card.jpg','');
--,'29.12.2021', true, 406.1, 20,'','/assets/img/content/main/card.jpg','');
--,'03.08.2021', true, 923.8, 10,'','/assets/img/content/main/card.jpg','');
--,'10.10.2021', false, 913.03, 17,'','/assets/img/content/main/card.jpg','');
--,'10.05.2021', true, 310.87, 50,'','/assets/img/content/main/card.jpg','');
--,'01.06.2021', true, 832.62, 25,'','/assets/img/content/main/card.jpg','');
--,'05.04.2021', false, 981.73, 18,'','/assets/img/content/main/card.jpg','');
--,'15.03.2021', true, 743.21, 46,'','/assets/img/content/main/card.jpg','');
--,'14.11.2021', false, 714.87, 32,'','/assets/img/content/main/card.jpg','');
--,'14.10.2021', true, 223.1, 40,'','/assets/img/content/main/card.jpg','');
--,'31.01.2021', true, 735.65, 50,'','/assets/img/content/main/card.jpg','');
--,'13.12.2021', false, 963.97, 4,'','/assets/img/content/main/card.jpg','');
--,'05.09.2021', true, 804.9, 6,'','/assets/img/content/main/card.jpg','');
--,'12.10.2021', false, 565.09, 48,'','/assets/img/content/main/card.jpg','');
--,'21.10.2021', false, 374.52, 15,'','/assets/img/content/main/card.jpg','');
--,'11.02.2021', false, 372.77, 27,'','/assets/img/content/main/card.jpg','');
--,'02.11.2021', false, 395.34, 33,'','/assets/img/content/main/card.jpg','');
--,'29.11.2021', false, 523.69, 27,'','/assets/img/content/main/card.jpg','');
--,'29.12.2021', true, 268.36, 47,'','/assets/img/content/main/card.jpg','');
--,'03.01.2021', true, 406.05, 41,'','/assets/img/content/main/card.jpg','');
--,'13.12.2021', false, 956.46, 28,'','/assets/img/content/main/card.jpg','');
--,'08.11.2021', true, 588.51, 6,'','/assets/img/content/main/card.jpg','');
--,'01.04.2021', false, 303.73, 23,'','/assets/img/content/main/card.jpg','');
--,'03.09.2021', true, 483.96, 18,'','/assets/img/content/main/card.jpg','');
--,'08.05.2021', true, 312.53, 26,'','/assets/img/content/main/card.jpg','');
--,'26.12.2021', false, 678.32, 19,'','/assets/img/content/main/card.jpg','');
--,'13.10.2021', false, 973.91, 50,'','/assets/img/content/main/card.jpg','');
--,'03.09.2021', true, 858.79, 9,'','/assets/img/content/main/card.jpg','');
--,'27.01.2021', false, 714.47, 6,'','/assets/img/content/main/card.jpg','');
--,'06.07.2021', true, 218.32, 26,'','/assets/img/content/main/card.jpg','');
--,'29.10.2021', false, 917.26, 48,'','/assets/img/content/main/card.jpg','');
--,'30.11.2021', true, 714.72, 15,'','/assets/img/content/main/card.jpg','');
--,'07.02.2021', true, 834.58, 35,'','/assets/img/content/main/card.jpg','');
--,'16.01.2021', false, 854.06, 16,'','/assets/img/content/main/card.jpg','');
--,'12.01.2021', false, 350.67, 40,'','/assets/img/content/main/card.jpg','');
--,'29.10.2021', false, 614.61, 31,'','/assets/img/content/main/card.jpg','');
--,'16.05.2021', false, 587.4, 43,'','/assets/img/content/main/card.jpg','');
--,'17.02.2021', false, 292.8, 32,'','/assets/img/content/main/card.jpg','');
--,'12.02.2021', false, 740.78, 13,'','/assets/img/content/main/card.jpg','');
--,'10.12.2021', true, 913.14, 22,'','/assets/img/content/main/card.jpg','');
--,'15.04.2021', true, 492.19, 25,'','/assets/img/content/main/card.jpg','');
--,'25.09.2021', false, 405.43, 20,'','/assets/img/content/main/card.jpg','');
--,'06.01.2021', false, 493.49, 34,'','/assets/img/content/main/card.jpg','');
--,'05.09.2021', true, 500.09, 8,'','/assets/img/content/main/card.jpg','');
--,'22.09.2021', true, 451.1, 8,'','/assets/img/content/main/card.jpg','');
--,'15.02.2021', true, 843.6, 41,'','/assets/img/content/main/card.jpg','');
--,'09.05.2021', false, 705.82, 26,'','/assets/img/content/main/card.jpg','');
--,'26.06.2021', true, 333.46, 9,'','/assets/img/content/main/card.jpg','');
--,'02.11.2021', true, 877.05, 31,'','/assets/img/content/main/card.jpg','');
--,'11.02.2021', true, 930.22, 34,'','/assets/img/content/main/card.jpg','');
--,'30.07.2021', false, 298.78, 18,'','/assets/img/content/main/card.jpg','');
--,'10.02.2021', false, 961.85, 39,'','/assets/img/content/main/card.jpg','');
--,'25.03.2021', true, 537.95, 39,'','/assets/img/content/main/card.jpg','');
--,'31.08.2021', true, 690.07, 48,'','/assets/img/content/main/card.jpg','');
--,'04.08.2021', true, 389.38, 6,'','/assets/img/content/main/card.jpg','');
--,'22.04.2021', true, 461.44, 40,'','/assets/img/content/main/card.jpg','');
--,'20.04.2021', false, 591.76, 41,'','/assets/img/content/main/card.jpg','');
--,'14.10.2021', false, 812.73, 4,'','/assets/img/content/main/card.jpg','');
--,'18.03.2021', false, 503.44, 2,'','/assets/img/content/main/card.jpg','');
--,'09.04.2021', false, 539.9, 46,'','/assets/img/content/main/card.jpg','');
--,'05.07.2021', false, 279.05, 17,'','/assets/img/content/main/card.jpg','');
--,'22.04.2021', true, 609.87, 19,'','/assets/img/content/main/card.jpg','');
--,'09.09.2021', false, 487.87, 29,'','/assets/img/content/main/card.jpg','');
--,'21.06.2021', false, 278.85, 21,'','/assets/img/content/main/card.jpg','');
--,'30.09.2021', false, 655.63, 1,'','/assets/img/content/main/card.jpg','');
--,'06.02.2021', false, 925.1, 28,'','/assets/img/content/main/card.jpg','');
--,'25.07.2021', true, 799.24, 40,'','/assets/img/content/main/card.jpg','');
--,'22.03.2021', false, 472.41, 42,'','/assets/img/content/main/card.jpg','');
--,'14.03.2021', true, 545.89, 29,'','/assets/img/content/main/card.jpg','');
--,'04.06.2021', false, 835.55, 5,'','/assets/img/content/main/card.jpg','');
--,'13.12.2021', false, 998.29, 2,'','/assets/img/content/main/card.jpg','');
--,'02.05.2021', false, 390.18, 19,'','/assets/img/content/main/card.jpg','');
--,'26.07.2021', false, 302.51, 15,'','/assets/img/content/main/card.jpg','');
--,'28.08.2021', false, 319.73, 45,'','/assets/img/content/main/card.jpg','');
--,'07.04.2021', false, 911.12, 22,'','/assets/img/content/main/card.jpg','');
--,'28.07.2021', true, 563.36, 22,'','/assets/img/content/main/card.jpg','');
--,'28.07.2021', true, 377.12, 19,'','/assets/img/content/main/card.jpg','');
--,'15.10.2021', true, 243.04, 13,'','/assets/img/content/main/card.jpg','');
--,'14.08.2021', false, 900.15, 31,'','/assets/img/content/main/card.jpg','');
--,'08.07.2021', false, 918.93, 6,'','/assets/img/content/main/card.jpg','');
--,'01.04.2021', false, 470.09, 11,'','/assets/img/content/main/card.jpg','');
--,'11.04.2021', true, 802.23, 7,'','/assets/img/content/main/card.jpg','');
--,'23.11.2021', true, 424.86, 16,'','/assets/img/content/main/card.jpg','');
--,'10.03.2021', false, 471.8, 42,'','/assets/img/content/main/card.jpg','');
--,'08.05.2021', true, 973.71, 4,'','/assets/img/content/main/card.jpg','');
--,'14.11.2021', true, 767.83, 35,'','/assets/img/content/main/card.jpg','');
--,'28.12.2021', false, 882.01, 26,'','/assets/img/content/main/card.jpg','');
--,'29.07.2021', false, 394.1, 37,'','/assets/img/content/main/card.jpg','');
--,'02.03.2021', false, 791.26, 40,'','/assets/img/content/main/card.jpg','');
--,'16.12.2021', true, 897.58, 35,'','/assets/img/content/main/card.jpg','');
--,'12.08.2021', false, 979.01, 32,'','/assets/img/content/main/card.jpg','');
--,'04.11.2021', false, 802.49, 42,'','/assets/img/content/main/card.jpg','');
--,'17.06.2021', false, 952.61, 29,'','/assets/img/content/main/card.jpg','');
--,'12.10.2021', false, 439.46, 47,'','/assets/img/content/main/card.jpg','');
--,'29.10.2021', true, 583.93, 19,'','/assets/img/content/main/card.jpg','');
--,'09.07.2021', true, 599.73, 25,'','/assets/img/content/main/card.jpg','');
--,'02.12.2021', true, 512.27, 50,'','/assets/img/content/main/card.jpg','');
--,'26.11.2021', true, 234.44, 19,'','/assets/img/content/main/card.jpg','');
--,'14.12.2021', false, 786.18, 21,'','/assets/img/content/main/card.jpg','');
--,'29.12.2021', true, 435.83, 46,'','/assets/img/content/main/card.jpg','');
--,'07.07.2021', true, 476.7, 30,'','/assets/img/content/main/card.jpg','');
--,'03.10.2021', false, 202.47, 22,'','/assets/img/content/main/card.jpg','');
--,'22.05.2021', false, 627.34, 1,'','/assets/img/content/main/card.jpg','');
--,'16.02.2021', false, 334.08, 41,'','/assets/img/content/main/card.jpg','');
--,'14.12.2021', false, 631.09, 7,'','/assets/img/content/main/card.jpg','');
--,'25.04.2021', true, 676.88, 14,'','/assets/img/content/main/card.jpg','');
--,'27.01.2021', false, 640.89, 33,'','/assets/img/content/main/card.jpg','');
--,'10.10.2021', false, 829.87, 24,'','/assets/img/content/main/card.jpg','');
--,'22.03.2021', true, 738.44, 29,'','/assets/img/content/main/card.jpg','');
--,'10.05.2021', false, 669.95, 11,'','/assets/img/content/main/card.jpg','');
--,'09.11.2021', false, 896.98, 48,'','/assets/img/content/main/card.jpg','');
--,'03.12.2021', true, 258.44, 3,'','/assets/img/content/main/card.jpg','');
--,'20.08.2021', false, 390.1, 44,'','/assets/img/content/main/card.jpg','');
--,'05.05.2021', true, 820.57, 26,'','/assets/img/content/main/card.jpg','');
--,'21.01.2021', true, 877.93, 50,'','/assets/img/content/main/card.jpg','');
--,'15.09.2021', true, 888.23, 27,'','/assets/img/content/main/card.jpg','');
--,'21.04.2021', true, 754.88, 39,'','/assets/img/content/main/card.jpg','');
--,'24.04.2021', true, 349.36, 16,'','/assets/img/content/main/card.jpg','');
--,'31.03.2021', true, 953.46, 20,'','/assets/img/content/main/card.jpg','');
--,'11.04.2021', true, 877.83, 12,'','/assets/img/content/main/card.jpg','');
--,'14.04.2021', true, 992.3, 40,'','/assets/img/content/main/card.jpg','');
--,'16.09.2021', false, 568.7, 12,'','/assets/img/content/main/card.jpg','');
--,'18.12.2021', false, 815.73, 42,'','/assets/img/content/main/card.jpg','');
--,'27.11.2021', true, 909.16, 48,'','/assets/img/content/main/card.jpg','');
--,'09.06.2021', true, 428.06, 11,'','/assets/img/content/main/card.jpg','');
--,'24.03.2021', true, 243.8, 48,'','/assets/img/content/main/card.jpg','');
--,'21.04.2021', true, 556.64, 8,'','/assets/img/content/main/card.jpg','');
--,'16.11.2021', true, 217.09, 16,'','/assets/img/content/main/card.jpg','');
--,'21.02.2021', true, 687.98, 49,'','/assets/img/content/main/card.jpg','');
--,'14.02.2021', false, 480.94, 9,'','/assets/img/content/main/card.jpg','');
--,'29.08.2021', false, 792.32, 30,'','/assets/img/content/main/card.jpg','');
--,'11.12.2021', false, 655.74, 1,'','/assets/img/content/main/card.jpg','');
--,'02.10.2021', false, 678.62, 27,'','/assets/img/content/main/card.jpg','');
--,'30.07.2021', true, 302.65, 50,'','/assets/img/content/main/card.jpg','');
--,'18.03.2021', true, 211.94, 12,'','/assets/img/content/main/card.jpg','');
--,'23.07.2021', true, 265.84, 42,'','/assets/img/content/main/card.jpg','');
--,'12.07.2021', true, 347.2, 37,'','/assets/img/content/main/card.jpg','');
--,'03.12.2021', true, 403.24, 5,'','/assets/img/content/main/card.jpg','');
--,'21.03.2021', false, 502.93, 30,'','/assets/img/content/main/card.jpg','');
--,'07.10.2021', true, 766.2, 32,'','/assets/img/content/main/card.jpg','');
--,'19.07.2021', false, 714.21, 8,'','/assets/img/content/main/card.jpg','');
--,'30.11.2021', false, 517.27, 48,'','/assets/img/content/main/card.jpg','');
--,'30.12.2021', true, 674.3, 28,'','/assets/img/content/main/card.jpg','');
--,'07.12.2021', false, 732.8, 32,'','/assets/img/content/main/card.jpg','');
--,'06.08.2021', true, 203.23, 9,'','/assets/img/content/main/card.jpg','');
--,'17.12.2021', true, 776.06, 6,'','/assets/img/content/main/card.jpg','');
--,'03.01.2021', true, 594.4, 42,'','/assets/img/content/main/card.jpg','');
--,'03.11.2021', true, 557.69, 11,'','/assets/img/content/main/card.jpg','');
--,'24.01.2021', false, 886.53, 40,'','/assets/img/content/main/card.jpg','');
--,'15.01.2021', true, 574.67, 38,'','/assets/img/content/main/card.jpg','');
--,'03.01.2021', false, 876.6, 25,'','/assets/img/content/main/card.jpg','');
--,'23.03.2021', false, 505.71, 8,'','/assets/img/content/main/card.jpg','');
--,'24.08.2021', true, 962.83, 26,'','/assets/img/content/main/card.jpg','');
--,'05.12.2021', false, 704.94, 16,'','/assets/img/content/main/card.jpg','');
--,'04.08.2021', true, 336.65, 27,'','/assets/img/content/main/card.jpg','');
--,'14.08.2021', true, 735.77, 27,'','/assets/img/content/main/card.jpg','');
--,'02.08.2021', false, 588.32, 28,'','/assets/img/content/main/card.jpg','');
--,'04.01.2021', false, 405.06, 11,'','/assets/img/content/main/card.jpg','');
--,'19.06.2021', true, 412.73, 37,'','/assets/img/content/main/card.jpg','');
--,'29.07.2021', false, 274.97, 13,'','/assets/img/content/main/card.jpg','');
--,'25.10.2021', true, 861.45, 4,'','/assets/img/content/main/card.jpg','');
--,'20.10.2021', false, 717.4, 12,'','/assets/img/content/main/card.jpg','');
--,'10.10.2021', false, 642.47, 43,'','/assets/img/content/main/card.jpg','');
--,'23.07.2021', true, 587.34, 10,'','/assets/img/content/main/card.jpg','');
--,'17.09.2021', false, 256.4, 21,'','/assets/img/content/main/card.jpg','');
--,'12.12.2021', true, 843.06, 41,'','/assets/img/content/main/card.jpg','');
--,'26.04.2021', false, 685.58, 20,'','/assets/img/content/main/card.jpg','');
--,'27.06.2021', true, 413.84, 21,'','/assets/img/content/main/card.jpg','');
--,'18.04.2021', true, 463.29, 3,'','/assets/img/content/main/card.jpg','');
--,'09.08.2021', true, 843.92, 15,'','/assets/img/content/main/card.jpg','');
--,'07.10.2021', false, 453.65, 3,'','/assets/img/content/main/card.jpg','');
--,'04.12.2021', true, 649.13, 21,'','/assets/img/content/main/card.jpg','');
--,'15.04.2021', false, 424.6, 41,'','/assets/img/content/main/card.jpg','');
--,'05.09.2021', true, 406.3, 35,'','/assets/img/content/main/card.jpg','');
--,'02.06.2021', true, 575.15, 28,'','/assets/img/content/main/card.jpg','');
--,'11.07.2021', false, 447.3, 9,'','/assets/img/content/main/card.jpg','');
--,'07.12.2021', false, 572.67, 29,'','/assets/img/content/main/card.jpg','');
--,'18.05.2021', false, 813.75, 43,'','/assets/img/content/main/card.jpg','');
--,'05.04.2021', false, 427.11, 22,'','/assets/img/content/main/card.jpg','');
--,'08.04.2021', true, 641.93, 8,'','/assets/img/content/main/card.jpg','');
--,'21.12.2021', true, 958.62, 37,'','/assets/img/content/main/card.jpg','');
--,'31.01.2021', false, 431.54, 34,'','/assets/img/content/main/card.jpg','');
--,'08.08.2021', false, 453.33, 18,'','/assets/img/content/main/card.jpg','');
--,'14.05.2021', true, 795.78, 41,'','/assets/img/content/main/card.jpg','');
--,'26.11.2021', true, 610.41, 12,'','/assets/img/content/main/card.jpg','');
--,'02.12.2021', false, 699.36, 21,'','/assets/img/content/main/card.jpg','');
--,'11.02.2021', true, 828.05, 38,'','/assets/img/content/main/card.jpg','');
--,'23.05.2021', false, 222.6, 8,'','/assets/img/content/main/card.jpg','');
--,'20.04.2021', false, 227.58, 27,'','/assets/img/content/main/card.jpg','');
--,'30.03.2021', true, 936.04, 36,'','/assets/img/content/main/card.jpg','');
--,'26.07.2021', false, 230.21, 3,'','/assets/img/content/main/card.jpg','');
--,'14.08.2021', true, 983.67, 43,'','/assets/img/content/main/card.jpg','');
--,'21.02.2021', false, 571.2, 15,'','/assets/img/content/main/card.jpg','');
--,'15.03.2021', false, 924.19, 9,'','/assets/img/content/main/card.jpg','');
--,'21.07.2021', false, 942.46, 13,'','/assets/img/content/main/card.jpg','');
--,'23.07.2021', true, 527.22, 27,'','/assets/img/content/main/card.jpg','');
--,'16.11.2021', false, 360.25, 42,'','/assets/img/content/main/card.jpg','');
--,'13.02.2021', false, 664.09, 34,'','/assets/img/content/main/card.jpg','');
--,'05.02.2021', false, 407.1, 19,'','/assets/img/content/main/card.jpg','');
--,'06.04.2021', false, 440.84, 5,'','/assets/img/content/main/card.jpg','');
--,'17.07.2021', false, 873.24, 41,'','/assets/img/content/main/card.jpg','');
--,'14.04.2021', true, 857.55, 20,'','/assets/img/content/main/card.jpg','');
--,'06.12.2021', true, 675.76, 12,'','/assets/img/content/main/card.jpg','');
--,'11.04.2021', false, 352.94, 36,'','/assets/img/content/main/card.jpg','');
--,'17.10.2021', false, 661.11, 21,'','/assets/img/content/main/card.jpg','');
--,'23.02.2021', true, 860.26, 25,'','/assets/img/content/main/card.jpg','');
--,'18.08.2021', false, 654.93, 37,'','/assets/img/content/main/card.jpg','');
--,'19.05.2021', false, 249.97, 36,'','/assets/img/content/main/card.jpg','');
--,'20.03.2021', true, 362.59, 15,'','/assets/img/content/main/card.jpg','');
--,'07.02.2021', false, 523.22, 44,'','/assets/img/content/main/card.jpg','');
--,'03.09.2021', false, 874.21, 24,'','/assets/img/content/main/card.jpg','');
--,'06.12.2021', true, 218.37, 32,'','/assets/img/content/main/card.jpg','');
--,'22.10.2021', true, 773.39, 7,'','/assets/img/content/main/card.jpg','');
--,'10.08.2021', true, 330.88, 10,'','/assets/img/content/main/card.jpg','');
--,'05.02.2021', false, 238.22, 25,'','/assets/img/content/main/card.jpg','');
--,'27.11.2021', true, 917.62, 34,'','/assets/img/content/main/card.jpg','');
--,'12.05.2021', false, 528.67, 47,'','/assets/img/content/main/card.jpg','');
--,'17.04.2021', false, 767.29, 17,'','/assets/img/content/main/card.jpg','');
--,'25.02.2021', false, 413.15, 34,'','/assets/img/content/main/card.jpg','');
--,'08.04.2021', false, 795.92, 35,'','/assets/img/content/main/card.jpg','');
--,'12.07.2021', true, 961.07, 32,'','/assets/img/content/main/card.jpg','');
--,'14.12.2021', true, 761.35, 14,'','/assets/img/content/main/card.jpg','');
--,'01.02.2021', false, 970.87, 20,'','/assets/img/content/main/card.jpg','');
--,'15.07.2021', true, 280.33, 7,'','/assets/img/content/main/card.jpg','');
--,'20.04.2021', true, 912.53, 43,'','/assets/img/content/main/card.jpg','');
--,'26.01.2021', true, 311.46, 9,'','/assets/img/content/main/card.jpg','');
--,'01.03.2021', true, 791.08, 8,'','/assets/img/content/main/card.jpg','');
--,'11.02.2021', false, 399.5, 5,'','/assets/img/content/main/card.jpg','');
--,'05.05.2021', true, 739.62, 16,'','/assets/img/content/main/card.jpg','');
--,'15.01.2021', false, 561.69, 7,'','/assets/img/content/main/card.jpg','');
--,'23.11.2021', false, 786.81, 16,'','/assets/img/content/main/card.jpg','');
--,'04.08.2021', true, 230.74, 18,'','/assets/img/content/main/card.jpg','');
--,'23.10.2021', true, 755.75, 50,'','/assets/img/content/main/card.jpg','');
--,'16.06.2021', false, 870.39, 9,'','/assets/img/content/main/card.jpg','');
--,'05.06.2021', true, 476.38, 12,'','/assets/img/content/main/card.jpg','');
--,'20.05.2021', false, 257.5, 7,'','/assets/img/content/main/card.jpg','');
--,'15.05.2021', true, 719.31, 28,'','/assets/img/content/main/card.jpg','');
--,'31.07.2021', true, 415.46, 11,'','/assets/img/content/main/card.jpg','');
--,'04.11.2021', false, 739.14, 36,'','/assets/img/content/main/card.jpg','');
--,'10.01.2021', true, 875.5, 35,'','/assets/img/content/main/card.jpg','');
--,'11.10.2021', false, 884.48, 41,'','/assets/img/content/main/card.jpg','');
--,'27.11.2021', false, 673.8, 13,'','/assets/img/content/main/card.jpg','');
--,'10.01.2021', false, 673.86, 14,'','/assets/img/content/main/card.jpg','');
--,'24.01.2021', false, 712.97, 23,'','/assets/img/content/main/card.jpg','');
--,'23.12.2021', true, 909.57, 25,'','/assets/img/content/main/card.jpg','');
--,'25.08.2021', false, 511.36, 49,'','/assets/img/content/main/card.jpg','');
--,'04.10.2021', false, 236.6, 21,'','/assets/img/content/main/card.jpg','');
--,'12.03.2021', true, 261.8, 19,'','/assets/img/content/main/card.jpg','');
--,'29.04.2021', true, 915.58, 32,'','/assets/img/content/main/card.jpg','');
--,'27.06.2021', true, 859.85, 24,'','/assets/img/content/main/card.jpg','');
--,'22.08.2021', true, 355.35, 19,'','/assets/img/content/main/card.jpg','');
--,'20.11.2021', false, 462.28, 8,'','/assets/img/content/main/card.jpg','');
--,'15.02.2021', true, 866.22, 27,'','/assets/img/content/main/card.jpg','');
--,'03.01.2021', true, 957.76, 12,'','/assets/img/content/main/card.jpg','');
--,'29.06.2021', false, 417.46, 9,'','/assets/img/content/main/card.jpg','');
--,'27.06.2021', true, 903.9, 16,'','/assets/img/content/main/card.jpg','');
--,'15.07.2021', false, 434.74, 44,'','/assets/img/content/main/card.jpg','');
--,'03.01.2021', true, 303.85, 50,'','/assets/img/content/main/card.jpg','');
--,'15.07.2021', false, 208.74, 20,'','/assets/img/content/main/card.jpg','');
--,'19.06.2021', true, 786.99, 5,'','/assets/img/content/main/card.jpg','');
--,'30.05.2021', true, 865.65, 5,'','/assets/img/content/main/card.jpg','');
--,'16.09.2021', true, 588.54, 39,'','/assets/img/content/main/card.jpg','');
--,'23.09.2021', true, 999.23, 7,'','/assets/img/content/main/card.jpg','');
--,'22.02.2021', true, 736.72, 7,'','/assets/img/content/main/card.jpg','');
--,'02.09.2021', true, 740.32, 39,'','/assets/img/content/main/card.jpg','');
--,'10.07.2021', false, 211.86, 27,'','/assets/img/content/main/card.jpg','');
--,'04.05.2021', true, 680.69, 13,'','/assets/img/content/main/card.jpg','');
--,'16.01.2021', true, 956.55, 41,'','/assets/img/content/main/card.jpg','');
--,'28.11.2021', false, 216.31, 2,'','/assets/img/content/main/card.jpg','');
--,'24.05.2021', false, 609.53, 26,'','/assets/img/content/main/card.jpg','');
--,'02.10.2021', false, 689.96, 10,'','/assets/img/content/main/card.jpg','');
--,'06.05.2021', false, 274.47, 31,'','/assets/img/content/main/card.jpg','');
--,'04.04.2021', false, 445.88, 14,'','/assets/img/content/main/card.jpg','');
--,'03.12.2021', true, 792.54, 11,'','/assets/img/content/main/card.jpg','');
--,'20.08.2021', true, 336.42, 33,'','/assets/img/content/main/card.jpg','');
--,'30.05.2021', true, 313.3, 42,'','/assets/img/content/main/card.jpg','');
--,'27.10.2021', false, 576.57, 32,'','/assets/img/content/main/card.jpg','');
--,'15.07.2021', false, 391.06, 32,'','/assets/img/content/main/card.jpg','');
--,'15.10.2021', false, 995.73, 9,'','/assets/img/content/main/card.jpg','');
--,'04.04.2021', true, 267.9, 28,'','/assets/img/content/main/card.jpg','');
--,'09.01.2021', true, 819.88, 9,'','/assets/img/content/main/card.jpg','');
--,'12.03.2021', true, 305.5, 48,'','/assets/img/content/main/card.jpg','');
--,'30.08.2021', false, 497.0, 10,'','/assets/img/content/main/card.jpg','');
--,'31.03.2021', false, 405.71, 37,'','/assets/img/content/main/card.jpg','');
--,'07.05.2021', true, 807.12, 30,'','/assets/img/content/main/card.jpg','');
--,'28.04.2021', true, 732.47, 10,'','/assets/img/content/main/card.jpg','');
--,'28.06.2021', true, 580.3, 44,'','/assets/img/content/main/card.jpg','');
--,'14.12.2021', true, 747.6, 10,'','/assets/img/content/main/card.jpg','');
--,'20.01.2021', false, 307.79, 15,'','/assets/img/content/main/card.jpg','');
--,'30.01.2021', true, 787.24, 1,'','/assets/img/content/main/card.jpg','');
--,'07.10.2021', true, 418.55, 37,'','/assets/img/content/main/card.jpg','');
--,'26.10.2021', false, 544.88, 15,'','/assets/img/content/main/card.jpg','');
--,'25.04.2021', true, 401.83, 7,'','/assets/img/content/main/card.jpg','');
--,'18.04.2021', true, 212.64, 9,'','/assets/img/content/main/card.jpg','');
--,'16.07.2021', true, 629.22, 26,'','/assets/img/content/main/card.jpg','');
--,'22.10.2021', false, 857.66, 48,'','/assets/img/content/main/card.jpg','');
--,'10.07.2021', false, 553.8, 2,'','/assets/img/content/main/card.jpg','');
--,'01.05.2021', false, 292.32, 22,'','/assets/img/content/main/card.jpg','');
--,'13.09.2021', true, 570.88, 12,'','/assets/img/content/main/card.jpg','');
--,'29.11.2021', true, 288.16, 50,'','/assets/img/content/main/card.jpg','');
--,'11.09.2021', false, 727.47, 45,'','/assets/img/content/main/card.jpg','');
--,'05.11.2021', false, 594.49, 8,'','/assets/img/content/main/card.jpg','');
--,'14.08.2021', true, 305.58, 1,'','/assets/img/content/main/card.jpg','');
--,'24.07.2021', false, 980.61, 36,'','/assets/img/content/main/card.jpg','');
--,'07.05.2021', false, 575.41, 50,'','/assets/img/content/main/card.jpg','');
--,'12.08.2021', true, 319.9, 42,'','/assets/img/content/main/card.jpg','');
--,'21.07.2021', false, 216.67, 6,'','/assets/img/content/main/card.jpg','');
--,'23.11.2021', false, 760.5, 13,'','/assets/img/content/main/card.jpg','');
--,'26.07.2021', true, 571.02, 21,'','/assets/img/content/main/card.jpg','');
--,'12.03.2021', true, 881.46, 7,'','/assets/img/content/main/card.jpg','');
--,'31.07.2021', false, 793.01, 45,'','/assets/img/content/main/card.jpg','');
--,'25.02.2021', true, 821.53, 41,'','/assets/img/content/main/card.jpg','');
--,'25.10.2021', true, 795.01, 11,'','/assets/img/content/main/card.jpg','');
--,'03.02.2021', false, 232.08, 20,'','/assets/img/content/main/card.jpg','');
--,'14.10.2021', true, 494.17, 12,'','/assets/img/content/main/card.jpg','');
--,'12.05.2021', false, 966.32, 7,'','/assets/img/content/main/card.jpg','');
--,'07.07.2021', true, 863.98, 8,'','/assets/img/content/main/card.jpg','');
--,'10.04.2021', false, 576.04, 37,'','/assets/img/content/main/card.jpg','');
--,'07.12.2021', false, 441.98, 9,'','/assets/img/content/main/card.jpg','');
--,'19.07.2021', true, 223.69, 4,'','/assets/img/content/main/card.jpg','');
--,'08.09.2021', true, 569.05, 1,'','/assets/img/content/main/card.jpg','');
--,'03.04.2021', false, 978.25, 5,'','/assets/img/content/main/card.jpg','');
--,'20.12.2021', true, 256.06, 41,'','/assets/img/content/main/card.jpg','');
--,'12.10.2021', false, 204.72, 23,'','/assets/img/content/main/card.jpg','');
--,'01.07.2021', false, 780.75, 8,'','/assets/img/content/main/card.jpg','');
--,'28.11.2021', false, 818.89, 47,'','/assets/img/content/main/card.jpg','');
--,'13.12.2021', true, 635.97, 4,'','/assets/img/content/main/card.jpg','');
--,'05.06.2021', true, 878.17, 11,'','/assets/img/content/main/card.jpg','');
--,'08.06.2021', false, 201.17, 30,'','/assets/img/content/main/card.jpg','');
--,'06.06.2021', false, 519.48, 30,'','/assets/img/content/main/card.jpg','');
--,'01.06.2021', false, 391.78, 47,'','/assets/img/content/main/card.jpg','');
--,'23.05.2021', false, 568.9, 41,'','/assets/img/content/main/card.jpg','');
--,'12.05.2021', true, 264.44, 44,'','/assets/img/content/main/card.jpg','');
--,'18.03.2021', true, 790.82, 20,'','/assets/img/content/main/card.jpg','');
--,'28.01.2021', false, 470.22, 1,'','/assets/img/content/main/card.jpg','');
--,'04.11.2021', false, 664.42, 11,'','/assets/img/content/main/card.jpg','');
--,'17.08.2021', false, 278.21, 17,'','/assets/img/content/main/card.jpg','');
--,'08.05.2021', false, 690.79, 16,'','/assets/img/content/main/card.jpg','');
--,'25.08.2021', true, 492.22, 36,'','/assets/img/content/main/card.jpg','');
--,'14.02.2021', true, 470.37, 22,'','/assets/img/content/main/card.jpg','');
--,'15.06.2021', false, 968.98, 45,'','/assets/img/content/main/card.jpg','');
--,'27.04.2021', true, 533.48, 25,'','/assets/img/content/main/card.jpg','');
--,'25.10.2021', true, 242.15, 46,'','/assets/img/content/main/card.jpg','');
--,'27.07.2021', false, 847.89, 49,'','/assets/img/content/main/card.jpg','');
--,'06.09.2021', true, 481.03, 36,'','/assets/img/content/main/card.jpg','');
--,'25.07.2021', true, 546.2, 35,'','/assets/img/content/main/card.jpg','');
--,'01.08.2021', true, 697.1, 13,'','/assets/img/content/main/card.jpg','');
--,'25.05.2021', false, 845.82, 38,'','/assets/img/content/main/card.jpg','');
--,'01.10.2021', false, 870.03, 35,'','/assets/img/content/main/card.jpg','');
--,'24.11.2021', true, 393.6, 16,'','/assets/img/content/main/card.jpg','');
--,'07.03.2021', true, 850.16, 16,'','/assets/img/content/main/card.jpg','');
--,'19.11.2021', true, 308.73, 8,'','/assets/img/content/main/card.jpg','');
--,'05.08.2021', true, 278.66, 9,'','/assets/img/content/main/card.jpg','');
--,'30.05.2021', false, 904.26, 33,'','/assets/img/content/main/card.jpg','');
--,'20.07.2021', true, 629.63, 11,'','/assets/img/content/main/card.jpg','');
--,'18.05.2021', false, 530.58, 14,'','/assets/img/content/main/card.jpg','');
--,'29.11.2021', false, 681.7, 11,'','/assets/img/content/main/card.jpg','');
--,'05.04.2021', true, 770.14, 48,'','/assets/img/content/main/card.jpg','');
--,'27.12.2021', false, 377.33, 36,'','/assets/img/content/main/card.jpg','');
--,'05.09.2021', true, 453.64, 11,'','/assets/img/content/main/card.jpg','');
--,'27.05.2021', false, 330.36, 2,'','/assets/img/content/main/card.jpg','');
--,'24.12.2021', true, 419.28, 26,'','/assets/img/content/main/card.jpg','');
--,'23.12.2021', false, 373.66, 8,'','/assets/img/content/main/card.jpg','');
--,'25.08.2021', false, 326.96, 7,'','/assets/img/content/main/card.jpg','');
--,'19.01.2021', true, 592.34, 42,'','/assets/img/content/main/card.jpg','');
--,'25.09.2021', true, 288.65, 17,'','/assets/img/content/main/card.jpg','');
--,'22.11.2021', true, 240.09, 14,'','/assets/img/content/main/card.jpg','');
--,'12.05.2021', true, 258.18, 2,'','/assets/img/content/main/card.jpg','');
--,'28.10.2021', false, 771.07, 20,'','/assets/img/content/main/card.jpg','');
--,'04.12.2021', true, 413.13, 13,'','/assets/img/content/main/card.jpg','');
--,'17.10.2021', false, 880.26, 22,'','/assets/img/content/main/card.jpg','');
--,'03.05.2021', true, 329.71, 38,'','/assets/img/content/main/card.jpg','');
--,'03.10.2021', true, 953.9, 13,'','/assets/img/content/main/card.jpg','');
--,'13.01.2021', true, 227.13, 17,'','/assets/img/content/main/card.jpg','');
--,'17.10.2021', false, 864.68, 19,'','/assets/img/content/main/card.jpg','');
--,'03.06.2021', true, 413.93, 34,'','/assets/img/content/main/card.jpg','');
--,'21.04.2021', false, 556.89, 4,'','/assets/img/content/main/card.jpg','');
--,'12.11.2021', true, 228.19, 50,'','/assets/img/content/main/card.jpg','');
--,'20.08.2021', false, 811.08, 10,'','/assets/img/content/main/card.jpg','');
--,'10.05.2021', true, 528.9, 14,'','/assets/img/content/main/card.jpg','');
--,'24.07.2021', false, 700.53, 32,'','/assets/img/content/main/card.jpg','');
--,'24.11.2021', false, 464.46, 21,'','/assets/img/content/main/card.jpg','');
--,'06.07.2021', true, 483.4, 35,'','/assets/img/content/main/card.jpg','');
--,'27.06.2021', true, 612.41, 41,'','/assets/img/content/main/card.jpg','');
--,'16.01.2021', true, 651.06, 16,'','/assets/img/content/main/card.jpg','');
--,'05.09.2021', true, 896.85, 37,'','/assets/img/content/main/card.jpg','');
--,'12.04.2021', false, 327.32, 48,'','/assets/img/content/main/card.jpg','');
--,'25.05.2021', false, 213.67, 7,'','/assets/img/content/main/card.jpg','');
--,'27.09.2021', true, 489.11, 10,'','/assets/img/content/main/card.jpg','');
--,'28.11.2021', false, 983.18, 37,'','/assets/img/content/main/card.jpg','');
--,'10.07.2021', true, 684.57, 28,'','/assets/img/content/main/card.jpg','');
--,'23.12.2021', false, 572.48, 9,'','/assets/img/content/main/card.jpg','');
--,'06.12.2021', true, 638.78, 4,'','/assets/img/content/main/card.jpg','');
--,'19.03.2021', true, 499.34, 8,'','/assets/img/content/main/card.jpg','');
--,'21.01.2021', true, 767.64, 39,'','/assets/img/content/main/card.jpg','');
--,'18.08.2021', false, 233.88, 24,'','/assets/img/content/main/card.jpg','');
--,'12.10.2021', true, 240.48, 8,'','/assets/img/content/main/card.jpg','');
--,'24.09.2021', false, 319.46, 3,'','/assets/img/content/main/card.jpg','');
--,'06.11.2021', true, 214.85, 23,'','/assets/img/content/main/card.jpg','');
--,'13.01.2021', false, 944.92, 6,'','/assets/img/content/main/card.jpg','');
--,'19.12.2021', false, 889.43, 21,'','/assets/img/content/main/card.jpg','');
--,'22.07.2021', false, 290.43, 3,'','/assets/img/content/main/card.jpg','');
--,'17.01.2021', true, 208.12, 12,'','/assets/img/content/main/card.jpg','');
--,'12.12.2021', true, 629.63, 2,'','/assets/img/content/main/card.jpg','');
--,'17.07.2021', false, 206.27, 25,'','/assets/img/content/main/card.jpg','');
--,'08.10.2021', true, 888.97, 11,'','/assets/img/content/main/card.jpg','');
--,'18.05.2021', true, 861.98, 11,'','/assets/img/content/main/card.jpg','');
--,'06.10.2021', true, 352.34, 28,'','/assets/img/content/main/card.jpg','');
--,'30.06.2021', false, 214.92, 25,'','/assets/img/content/main/card.jpg','');
--,'09.01.2021', false, 910.03, 47,'','/assets/img/content/main/card.jpg','');
--,'24.04.2021', false, 365.33, 16,'','/assets/img/content/main/card.jpg','');
--,'31.05.2021', false, 904.48, 38,'','/assets/img/content/main/card.jpg','');
--,'21.05.2021', false, 428.39, 47,'','/assets/img/content/main/card.jpg','');
--,'27.03.2021', true, 679.32, 17,'','/assets/img/content/main/card.jpg','');
--,'26.08.2021', false, 966.97, 19,'','/assets/img/content/main/card.jpg','');
--,'15.06.2021', false, 852.88, 44,'','/assets/img/content/main/card.jpg','');
--,'29.06.2021', false, 867.09, 26,'','/assets/img/content/main/card.jpg','');
--,'09.08.2021', true, 697.97, 2,'','/assets/img/content/main/card.jpg','');
--,'21.10.2021', false, 336.42, 9,'','/assets/img/content/main/card.jpg','');
--,'07.06.2021', false, 404.97, 19,'','/assets/img/content/main/card.jpg','');
--,'15.05.2021', true, 428.15, 27,'','/assets/img/content/main/card.jpg','');
--,'28.10.2021', true, 913.67, 8,'','/assets/img/content/main/card.jpg','');
--,'25.02.2021', true, 605.63, 25,'','/assets/img/content/main/card.jpg','');
--,'19.07.2021', false, 800.18, 42,'','/assets/img/content/main/card.jpg','');
--,'27.06.2021', true, 213.71, 43,'','/assets/img/content/main/card.jpg','');
--,'05.12.2021', false, 259.12, 27,'','/assets/img/content/main/card.jpg','');
--,'09.03.2021', true, 729.22, 37,'','/assets/img/content/main/card.jpg','');
--,'07.12.2021', true, 542.35, 7,'','/assets/img/content/main/card.jpg','');
--,'22.11.2021', false, 525.23, 49,'','/assets/img/content/main/card.jpg','');
--,'26.07.2021', false, 288.85, 37,'','/assets/img/content/main/card.jpg','');
--,'20.03.2021', true, 411.54, 9,'','/assets/img/content/main/card.jpg','');
--,'22.07.2021', false, 371.14, 14,'','/assets/img/content/main/card.jpg','');
--,'21.05.2021', false, 421.84, 43,'','/assets/img/content/main/card.jpg','');
--,'30.06.2021', true, 442.71, 14,'','/assets/img/content/main/card.jpg','');
--,'19.06.2021', false, 856.26, 7,'','/assets/img/content/main/card.jpg','');
--,'28.01.2021', false, 212.99, 39,'','/assets/img/content/main/card.jpg','');
--,'11.11.2021', true, 596.33, 3,'','/assets/img/content/main/card.jpg','');
--,'12.12.2021', true, 501.32, 40,'','/assets/img/content/main/card.jpg','');
--,'18.08.2021', false, 272.9, 10,'','/assets/img/content/main/card.jpg','');
--,'28.07.2021', false, 204.84, 5,'','/assets/img/content/main/card.jpg','');
--,'20.04.2021', true, 755.81, 29,'','/assets/img/content/main/card.jpg','');
--,'14.05.2021', false, 605.74, 48,'','/assets/img/content/main/card.jpg','');
--,'16.08.2021', false, 591.63, 11,'','/assets/img/content/main/card.jpg','');
--,'05.12.2021', true, 456.23, 5,'','/assets/img/content/main/card.jpg','');
--,'17.01.2021', false, 622.71, 48,'','/assets/img/content/main/card.jpg','');
--,'17.10.2021', false, 775.04, 33,'','/assets/img/content/main/card.jpg','');
--,'24.03.2021', false, 865.56, 24,'','/assets/img/content/main/card.jpg','');
--,'17.04.2021', true, 516.24, 47,'','/assets/img/content/main/card.jpg','');
--,'17.10.2021', true, 778.08, 43,'','/assets/img/content/main/card.jpg','');
--,'26.02.2021', false, 508.0, 22,'','/assets/img/content/main/card.jpg','');
--,'18.10.2021', false, 895.29, 29,'','/assets/img/content/main/card.jpg','');
--,'14.09.2021', true, 592.0, 8,'','/assets/img/content/main/card.jpg','');
--,'26.07.2021', true, 980.04, 7,'','/assets/img/content/main/card.jpg','');
--,'20.08.2021', true, 373.92, 38,'','/assets/img/content/main/card.jpg','');
--,'28.04.2021', true, 543.28, 2,'','/assets/img/content/main/card.jpg','');
--,'08.08.2021', true, 833.21, 31,'','/assets/img/content/main/card.jpg','');
--,'03.09.2021', true, 602.91, 44,'','/assets/img/content/main/card.jpg','');
--,'10.05.2021', true, 875.5, 18,'','/assets/img/content/main/card.jpg','');
--,'25.11.2021', true, 740.8, 31,'','/assets/img/content/main/card.jpg','');
--,'31.08.2021', false, 979.03, 13,'','/assets/img/content/main/card.jpg','');
--,'06.06.2021', false, 660.75, 18,'','/assets/img/content/main/card.jpg','');
--,'23.05.2021', true, 533.8, 43,'','/assets/img/content/main/card.jpg','');
--,'11.04.2021', false, 877.98, 4,'','/assets/img/content/main/card.jpg','');
--,'04.02.2021', false, 545.5, 5,'','/assets/img/content/main/card.jpg','');
--,'18.05.2021', true, 425.27, 5,'','/assets/img/content/main/card.jpg','');
--,'23.02.2021', true, 473.93, 41,'','/assets/img/content/main/card.jpg','');
--,'24.04.2021', true, 615.02, 30,'','/assets/img/content/main/card.jpg','');
--,'06.02.2021', false, 438.97, 10,'','/assets/img/content/main/card.jpg','');
--,'01.07.2021', false, 444.44, 7,'','/assets/img/content/main/card.jpg','');
--,'29.10.2021', true, 762.2, 32,'','/assets/img/content/main/card.jpg','');
--,'12.05.2021', true, 971.03, 5,'','/assets/img/content/main/card.jpg','');
--,'05.01.2021', false, 577.79, 49,'','/assets/img/content/main/card.jpg','');
--,'20.05.2021', false, 333.91, 16,'','/assets/img/content/main/card.jpg','');
--,'10.11.2021', false, 654.84, 14,'','/assets/img/content/main/card.jpg','');
--,'10.09.2021', false, 913.89, 29,'','/assets/img/content/main/card.jpg','');
--,'06.12.2021', true, 553.96, 27,'','/assets/img/content/main/card.jpg','');
--,'13.04.2021', false, 837.0, 15,'','/assets/img/content/main/card.jpg','');
--,'03.09.2021', true, 642.18, 4,'','/assets/img/content/main/card.jpg','');
--,'02.10.2021', true, 414.04, 13,'','/assets/img/content/main/card.jpg','');
--,'19.09.2021', false, 420.52, 47,'','/assets/img/content/main/card.jpg','');
--,'09.10.2021', true, 367.27, 10,'','/assets/img/content/main/card.jpg','');
--,'20.02.2021', false, 386.94, 9,'','/assets/img/content/main/card.jpg','');
--,'28.12.2021', true, 685.1, 37,'','/assets/img/content/main/card.jpg','');
--,'28.07.2021', true, 592.48, 42,'','/assets/img/content/main/card.jpg','');
--,'04.01.2021', true, 356.28, 46,'','/assets/img/content/main/card.jpg','');
--,'16.11.2021', false, 617.27, 6,'','/assets/img/content/main/card.jpg','');
--,'17.02.2021', false, 412.83, 46,'','/assets/img/content/main/card.jpg','');
--,'11.09.2021', false, 502.56, 17,'','/assets/img/content/main/card.jpg','');
--,'20.07.2021', false, 704.34, 13,'','/assets/img/content/main/card.jpg','');







